"","Q","text","tokens","uncivil_dictionary","n_raters","n_uncivil","uncivil_perceptions","uncivil_coded"
"1","Q1","收皮啦屌你老母！就係多得呢你啲人唔少當人哋係乜嘢啊？condom啊？！咪撚柒再分化！","收皮啦 屌你老母 就係 多得 呢 你啲人 唔少 當 人哋 係乜嘢 啊 啊 咪 撚 柒 再 分化",1,15,7,0.466666666666667,1
"2","Q10","Ban新聞真係好on9,完全係助燃Fb同twitter今次學哂777 d反宣傳style","新聞 真係 好on9 完全 係 助燃 同 今次 學 哂 反 宣傳",1,13,6,0.461538461538462,1
"3","Q100","而家大部分傳媒都被控制, 所以, 根本就要發動大清洗, 但林鄭阻住了.","而家 大部分 傳媒 都被 控制 所以 根本 就要 發動 大 清洗 但 林鄭 阻住 了",0,15,4,0.266666666666667,0
"4","Q101","其實呢 我覺得就算佢係想自殺 都冇可能會全裸變浮屍所以無論幾多&ldquo;證據&rdquo;都好 都係一樣死因有可疑","其實 呢 我 覺得 就算 佢係 想 自殺 都 冇可能 會 全裸 變 浮屍 所以 無論 幾多 證據 都好 都係一樣 死因 有可疑",0,20,3,0.15,0
"5","Q102","八月頭呼籲大家唔好再嗌呢個口號驚畀柒婆扣港獨帽子影響國際形象嗰班應該都估唔到","八 月頭 呼籲 大家 唔好 再 嗌 呢個 口號 驚畀 柒婆 扣 港獨 帽子 影響 國際形象 嗰班 應該 都估唔到",1,16,10,0.625,1
"6","Q103","美國又係柒柒下，香港早兩個月已經示範晒又一證明對支那存一點天真想法都會冚家鏟","美國 又係 柒 柒下 香港 早 兩 個月 已經 示範 晒 又 一 證明 對 支那 存 一點 天真 想法 都會 冚家鏟",1,17,5,0.294117647058824,1
"7","Q104","曱甴洗乜底啊？自己做又唔夠膽認。偷中國移動手機仲要鋪上網賣，笑死，窮死一世就系你地種人啦。","曱甴 洗乜 底 啊 自己 做 又 唔夠膽 認 偷 中國 移動 手機 仲要 鋪 上網 賣 笑死 窮死 一世 就系 你地 種 人 啦",1,12,8,0.666666666666667,1
"8","Q105","果種厭惡程度可能係但係情況唔到在於香港主流媒體一致支持林鄭但係香港大部分市民唔支持佢而侵就係比所有媒體封殺都仲有一半人支持","果種 厭惡 程度 可能 係 但係 情況 唔到 在於 香港 主流媒體 一致 支持 林鄭 但係 香港 大部分 市民 唔支持 佢 而 侵 就係 比 所有 媒體 封殺 都 仲有 一半人 支持",0,12,1,0.0833333333333333,0
"9","Q106","浸浸一直唔信班傳染病專家，所以搞到尾國感染人數不斷創新高:fst_007:","浸 浸 一直 唔信 班 傳染病 專家 所以 搞到 尾國 感染 人數 不斷 創新高",0,16,2,0.125,1
"10","Q107","我認為抗爭係唔需要太嚴厲的道德高地，咁會變咗道德枷鎖但起碼你的道德高度要比你對手高，歷史話比我地知，民意先係最大武器","我 認為 抗爭 係 唔需要 太 嚴厲 的 道德 高地 咁 會 變咗 道德 枷鎖 但 起碼 你 的 道德 高度 要 比你 對手 高 歷史 話比 我地 知 民意 先係 最大 武器",0,15,2,0.133333333333333,0
"11","Q108","你祖宗係支那人，你都係支那人，唔好話內地人，都唔諗下自己係乜種。","你 祖宗 係 支那人 你 都係 支那人 唔好話 內地人 都 唔諗下 自己 係 乜 種",1,12,4,0.333333333333333,1
"12","Q109","點會窮人含忍年初一事件d 劣屍飛身幫人佢應該駡d劣屍唔飛身幫佢至啱喎","點會 窮人 含 忍 年初一 事件 劣屍 飛身 幫人 佢 應該 駡 劣屍 唔 飛身 幫佢 至 啱喎",1,16,8,0.5,1
"13","Q11","一日未獨立都無同港共及黑警和解既空間,齊上齊落!自己推1001","一日 未 獨立 都 無 同 港共 及 黑警 和解 既 空間 齊 上 齊 落 自己 推",1,17,4,0.235294117647059,1
"14","Q110","犯民廢青反到乜嘢都司法覆核（冇錢又要申請法援，然後又袋錢入公文袋班pk）拖幾年建築成本又加大咗，就屌政府浪費金錢、大白象????班廢柴七頭交過稅未","犯民 廢青 反到 乜嘢 都 司法覆核 冇錢 又 要申請 法援 然後 又 袋錢 入 公文袋 班 拖 幾年 建築 成本 又 加 大咗 就 屌 政府 浪費 金錢 大白象 班 廢柴 七頭 交過稅未",1,22,11,0.5,1
"15","Q111","雖然我都知會有契弟挑機，但估唔到你咁弱雞囉。。。係【雖遠必誅】呀，好心讀好啲書先回吠啦，係要走出嚟畀人恥笑，契弟。。。:","雖然 我 都知 會有 契弟 挑機 但 估 唔到你 咁弱雞 囉 係 雖 遠 必誅 呀 好心 讀 好啲 書 先 回 吠 啦 係 要走 出嚟 畀人 恥笑 契弟",1,19,12,0.631578947368421,1
"16","Q112","其實fb 買賣的人真係好多係咁，好多買賣group都有呢d PK，但d人又好q鍾意fb賣野","其實 買 賣的 人 真係 好多 係咁 好多 買賣 都有 呢 但 人 又 好 鍾意 賣野",0,15,6,0.4,1
"17","Q113","死得好！我講既，我逢台必反，你吹咩:達叔陪住我地大，都俾你班垃圾插，果幾條爛命算得係咩？","死得好 我 講既 我 逢 台 必反 你吹咩 達叔 陪 住 我地 大 都 俾 你班 垃圾 插 果 幾條 爛命 算得 係咩",0,16,12,0.75,0
"18","Q114","一年扔一部定十年扔一部多垃圾呀唔撚識計數呀我冇講過唔扔我一直都講用到點解要扔舊唔等於唔用得用到壞先扔冇問題電視尼d電子污染好嚴重咖你當係你d屎屎尿尿咁易處理?","一年 扔 一 部 定 十 年 扔 一 部 多 垃圾 呀 唔撚 識 計數 呀 我 冇 講過 唔 扔 我 一直 都講 用到 點解 要 扔 舊 唔等於 唔用得 用到 壞 先 扔 冇問題 電視 尼 電子 污染 好嚴重 咖 你 當係 你 屎 屎尿 尿 咁易 處理",1,21,11,0.523809523809524,1
"19","Q115","算啦兒登仔冇腦分析，風向邊面吹就推，由鳩佢哋和理非啦，勇武自然會做嘢㗎啦。btw拉乜撚嘢？拉你老母咩？都唔知邊個作出嚟，個個又跟哂風","算啦 兒 登 仔 冇腦 分析 風向 邊面 吹 就 推 由 鳩 佢哋 和 理非 啦 勇武 自然 會 做嘢 <U+35CE> 啦 拉 乜撚嘢 拉 你 老母 咩 都 唔知 邊個 作 出嚟 個個 又 跟 哂 風",1,13,8,0.615384615384615,1
"20","Q116","話說黃狗、長毛三人，去左邊?做咩唔出席?想第日可以用今次既事，去反泛民?:","話說 黃狗 長毛 三 人 去左邊 做咩 唔出席 想 第日 可以 用 今次 既事 去 反泛民",1,23,9,0.391304347826087,1
"21","Q117","講真，讚成又或者反對！呢班廢青都一定會去圍！所以，我就樂觀其成等佢地去圍，睇下會有乜後果！唔通佢地要死，我又要阻止佢地呀！唔送佢地一程咪好好人啦 ！:","講真 讚成 又 或者 反對 呢 班廢青 都 一定 會 去 圍 所以 我 就 樂觀其成 等佢地 去 圍 睇下 會 有乜 後果 唔通 佢地 要死 我 又要 阻止 佢地 呀 唔送 佢地 一程 咪 好好人 啦",1,17,9,0.529411764705882,1
"22","Q118","黑警毅進狗，今日出去打到隻狗叫晒救命流晒血，我開緊香檳回味緊，下一個到你","黑警 毅進 狗 今日 出去 打到 隻 狗叫 晒 救命 流 晒 血 我 開緊 香檳 回味緊 下一個 到 你",1,17,8,0.470588235294118,1
"23","Q119","睇到呢度已經完。同D智障阿嬸講「我一個女人仔乜都唔識但係都識得分析嫁」一撚樣低級既人講低級既野希望人同情佢低B","睇到 呢度 已經 完 同 智障 阿嬸 講 我 一個 女 人仔 乜都 唔識 但 係都 識得 分析 嫁 一撚樣 低級 既 人 講 低級 既野 希 望人 同情 佢 低",1,19,13,0.684210526315789,1
"24","Q12","如果係黃轉藍，係好事，如果扮藍去黑化藍就令人反感，所以我見到藍絲做的出位野，我會特登閙暴徒曱甴卜街，扮得藍既都係深黃，佢哋會唔鍾意人哋閙暴徒。","如果 係 黃 轉 藍 係 好事 如果 扮 藍 去 黑化 藍 就 令人 反感 所以 我 見到 藍絲 做的 出位 野 我 會 特登 閙 暴徒 曱甴 卜街 扮 得 藍 既 都係 深黃 佢哋 會 唔鍾意 人哋 閙 暴徒",1,17,9,0.529411764705882,1
"25","Q120","大陸人真係好撚蠢好on9 叫人登記選民都港獨只可以講洗腦工作真係好得好好","大陸人 真係 好撚 蠢 好on9 叫人 登記 選民 都 港獨 只 可以 講 洗腦 工作 真 係好得 好好",1,18,8,0.444444444444444,1
"26","Q121","只要對（主人翁）這三個字有一個明確定義，大家便明白（他們）不可能是主人翁，他們只會是沒貢獻的持份者。未來，不需要靠沒貢獻的人，今天，不需網開一面。","只 要對 主人翁 這 三 個 字 有 一個 明確 定義 大家 便明白 他們 不可能 是 主人翁 他們 只會 是 沒 貢獻 的 持份者 未來 不需 要靠 沒 貢獻 的 人 今天 不需 網開一面",0,20,11,0.55,0
"27","Q122","有睇到 立場應該有望到全部人突然起身同講拜拜成個live都係哈哈笑 好多人讚 完全感受到大家恥笑警犬種感覺呢幾日第一次真誠笑出聲","有 睇到 立場 應該 有 望到 全部人 突然 起身 同 講拜拜 成個 都係 哈哈 笑 好多人 讚 完全 感受到 大家 恥笑 警犬 種 感覺 呢 幾日 第一次 真誠 笑出聲",1,14,5,0.357142857142857,1
"28","Q123","當佢講既係真，都係想緩和香港戰線，想避大規模制裁五大訴求？咩黎架","當佢 講既 係真 都係 想 緩和 香港 戰線 想 避 大規模 制裁 五大訴求 咩黎架",0,17,6,0.352941176470588,0
"29","Q124","特首，你想點能樣架？洗吾冼等佢地起埋圍牆，你真係冇能用到無以復加，仲話你係狼，狼個屁","特首 你 想點 能樣 架 洗 吾 冼 等佢地 起 埋 圍牆 你 真係 冇 能 用到 無以復加 仲話 你 係 狼 狼 個 屁",1,16,10,0.625,1
"30","Q125","支持777下台 葉太上:lol孽瘤俾肥平老細葉簡明ｄ黒金浸過架～","支持 下台 葉太 上 孽瘤 俾 肥平 老細 葉 簡 明 黒金 浸過 架",1,15,7,0.466666666666667,1
"31","Q126","甘亂講影響人當然法庭見啦 ....  點小學雞? 小學雞會出律師信嗎?小學雞只會亂吹.....","甘 亂講 影響 人 當然 法庭 見 啦 點 小學雞 小學 雞會 出 律師信 嗎 小學雞 只會 亂吹",1,17,8,0.470588235294118,1
"32","Q127","本港全世界的電話都能打入，如果大陸咁低智都可騙到錢，說明香港部份人蠢過豬，抵死。:","本港 全世界 的 電話 都能 打入 如果 大陸 咁 低智 都可 騙 到 錢 說明 香港 部份人 蠢過豬 抵死",0,16,8,0.5,1
"33","Q128","一日未獨立都無同港共及黑警和解既空間,齊上齊落!自己推1001","一日 未 獨立 都 無 同 港共 及 黑警 和解 既 空間 齊 上 齊 落 自己 推",1,14,5,0.357142857142857,1
"34","Q129","今日保皇藍屍FB newsfeed 係主打呢個反而柒謷就小提。係有一張黑衫人打柒警頭仲有鼻血。水印am730. 唔知真定假","今日 保皇 藍屍 係 主打 呢個 反而 柒 謷 就 小 提 係有 一張 黑衫 人 打 柒警 頭 仲有 鼻血 水印 唔知 真 定 假",1,26,15,0.576923076923077,1
"35","Q13","唔理個孫係佢自己老豆老母 關我咩事 我點冷血? 我由頭到尾都冇提起個BB 你話人冷血話得多 搞到自己走火入魔","唔理 個 孫 係 佢 自己 老豆老母 關我咩事 我 點 冷血 我 由頭到尾 都 冇提 起個 你 話人 冷血 話 得多 搞到 自己 走火入魔",0,18,8,0.444444444444444,0
"36","Q130","我藍 快報狗 仲有大波華幫手作野加控on9罪Btw屌你老母香港政府","我 藍 快報 狗 仲有 大波 華 幫手 作野 加控 罪 屌你老母 香港政府",1,15,11,0.733333333333333,1
"37","Q131","明明港鐵係公共服務，點解唔正面表態，而去坐巴士？港豬們想逃避到幾時？？？","明明 港鐵 係 公共服務 點解 唔 正面 表態 而去 坐巴士 港豬 們 想 逃避 到 幾時 分享 自 討論區",1,20,7,0.35,1
"38","Q132","雖然民主黨都肯改變立場撚中共, 但係手段黎講點都係TRUMP嬴, 要撚流氓梗係要跣佢鑊甘, 點會開口講晒出黎","雖然 民主黨 都肯 改變 立場 撚 中共 但係 手段 黎 講點 都係 嬴 要 撚 流氓 梗係要 跣 佢 鑊 甘 點 會開 口講 晒出黎",1,13,3,0.230769230769231,1
"39","Q133","好多都仲係學生返少一日工好過失去40幾位年輕人我求下你地我係其中被告既朋友佢哋真係需要大家幫手","好多 都 仲係 學生 返 少 一日 工 好過 失去 幾位 年輕人 我 求下 你地 我 係 其中 被告 既 朋友 佢哋 真係 需要 大家 幫手",0,17,5,0.294117647058824,0
"40","Q134","收埋唔報，你點知佢地有冇用私人用途？我話佢地嘅日常開支就系用呢D黑錢。仲有D垃圾2元收左唔認添，光明正大咁收，做咩咁驚比人知？","收埋 唔報 你 點知 佢 地有 冇用 私人 用途 我 話 佢地 嘅 日常 開支 就系 用 呢 黑錢 仲有 垃圾 元 收左 唔認 添 光明正大 咁 收 做咩 咁驚 比人 知",0,15,5,0.333333333333333,1
"41","Q135","佢地好彩前幾日天氣無今日咁如果係今日咁天氣香港食晒個強颱風下沉氣壓我諗班黑警會好多輕則中暑，重則中風","佢地 好彩 前 幾日 天氣 無 今日 咁 如果 係 今日 咁 天氣 香港 食晒 個 強颱風 下沉 氣壓 我諗 班 黑警 會 好多 輕則 中暑 重 則 中風",1,19,10,0.526315789473684,1
"42","Q136","平時都有三四成人會走堂，而家反而得200罷課，係唔係有同學本來走堂都特登上課以免被d seven heads 計落罷課人數呢？","平時 都有 三 四 成人 會 走堂 而家 反 而得 罷課 係唔係 有 同學 本來 走堂 都 特登 上課 以免 被 計落 罷課 人數 呢",1,16,7,0.4375,1
"43","Q137","偉大人物要講堅持架, 你好心勸佢,佢一樣會話你冇腦同依附無恥權貴.","偉 大人物 要 講 堅持 架 你 好心 勸 佢 佢 一樣 會話 你 冇腦 同 依附 無恥 權貴",1,20,7,0.35,1
"44","Q138","除左自嘆自憐 你又做左乜實事呀呀 仲有就係做護主犬 就算張相ON9 你都一定只可以話政府ON9因為政府ON9 先搞到張相ON9BTW 我離地唔通你又好貼地 你好貼地咁叫人生多隻手 開始有D明你係咩物種","除左 自嘆 自憐 你 又 做左 乜 實事 呀 呀 仲有 就係 做 護主 犬 就算 張相 你 都 一定 只 可以 話 政府 因為 政府 先 搞到 張相 我 離地 唔通 你 又 好貼地 你 好貼地 咁 叫 人生 多 隻手 開始 有 明 你 係咩 物種",1,19,12,0.631578947368421,1
"45","Q139","屌你唔係無八達通？？我教緊你用八達通啊傻仔，無啦啦話我無錢搭車，有乜撚關係啊傻仔，我屌你我就係班示威者咩？？你係埋食左屎啊傻嗨嗨","屌你 唔係 無 八達通 我 教 緊 你 用 八達通 啊 傻仔 無啦啦 話我 無錢 搭車 有乜撚 關 係啊 傻仔 我屌你 我 就係 班 示威者 咩 你 係 埋 食左屎 啊 傻 嗨 嗨",1,14,7,0.5,1
"46","Q14","所以依家去台灣要你掉160萬開舖請人囉呢樣同150係完全唔同嘅野","所以 依家 去 台灣 要 你 掉 萬 開舖 請人 囉 呢樣 同 係 完全 唔同 嘅 野",0,15,3,0.2,0
"47","Q140","因為要毀屍唔容易至少黑警自己唔會有咁嘅知識搵人幫手的話 件事越涉及得多人就越容易比人爆大鑊所以可能扮自殺係唯一佢地諗到的方法至於法醫會唔會被收買就好難講佢點知呢個人係咪可信 唔會爆大鑊？","因為 要 毀 屍 唔容易 至少 黑警 自己 唔 會有 咁嘅 知 識搵人 幫手 的話 件 事越 涉及 得 多人 就 越 容易 比人 爆大鑊 所以 可能 扮 自殺 係 唯一 佢地 諗到的 方法 至於 法醫 會 唔 會被 收買 就 好難講 佢 點知 呢 個人 係咪 可信 唔會 爆大鑊",1,18,4,0.222222222222222,1
"48","Q141","中聯辦係亂港源頭，又癲倒黑白是非譚廢??，老狗奴，返家準備壽終正寢啦！","中聯辦 係 亂港 源頭 又 癲倒 黑白 是非 譚 廢 老 狗奴 返家 準備 壽終正寢 啦",1,18,11,0.611111111111111,1
"49","Q142","做之前唔諗下，係要俾d教訓呢d仆街仔，坐完之後會知道香港係法治社會，唔係你d黃色暴徒以為玩完之後可以拍下羅柚走人","做 之前 唔諗下 係 要俾 教訓 呢 仆街 仔 坐完 之後 會 知道 香港 係 法治 社會 唔係 你 黃色 暴徒 以為 玩完 之後 可以 拍下 羅柚 走人",1,22,11,0.5,1
"50","Q143","ageer呢個時候出嚟煲大佢唔通侵侵發現俾維尼撚到決定要同佢死過？定係 warren 想一次過打沉中共侵侵拜登","呢個 時候 出嚟 煲大佢 唔通 侵侵 發現 俾 維尼 撚 到 決定 要 同佢 死過 定係 想 一次過 打沉 中共 侵侵 拜 登",1,18,7,0.388888888888889,1
"51","Q144","估唔到今日大英帝國首相甘撚無用,要學毛澤東的紅衛兵周圍扣人帽子:","估唔到 今日 大英帝國 首相 甘撚 無用 要學 毛澤東 的 紅衛兵 周圍 扣 人 帽子",1,18,9,0.5,1
"52","Q145","點解次次都比人影到 私鳥唔係應該拉入暗角打咩 至少都要整個人牆擋下鏡頭同埋打到流哂血都冇事 不如打頸打心口打腰椎打春袋打關節","點解 次次 都 比人 影到 私 鳥 唔係 應該 拉入 暗 角 打 咩 至少 都要 整個 人牆 擋 下 鏡頭 同埋 打到 流 哂 血 都 冇事 不如 打 頸 打 心口 打 腰椎 打 春袋 打 關節",1,10,2,0.2,0
"53","Q146","咩呀  我覺得你地唔尊重女性囉女權撚最嘔心係又要拎盡著數   仲要侵占埋道德高地     雞都不如","咩呀 我 覺得 你地 唔尊重 女性 囉 女權 撚 最 嘔心 係 又要 拎 盡 著數 仲要 侵占 埋 道德 高地 雞 都 不如",1,17,8,0.470588235294118,1
"54","Q147","香港妓者從來避重就輕, 只挖民建聯D衰野和政府既, 但民主狗, 飯民, 公狗, 吾可能會爆出黎既, 死肥婆玲只會識鬧政者","香港 妓者 從來 避重就輕 只 挖 民建聯 衰野 和 政府 既 但 民主 狗 飯民 公 狗 吾 可能 會 爆 出黎 既 死肥婆 玲 只 會識 鬧 政 者",1,18,13,0.722222222222222,1
"55","Q148","TKo   好多後生 一定有睇連登  唔撚係出手  就走  俾左膠帶住 去防暴到  嘩 係咪痴撚線架你地","好多 後生 一定 有睇 連登 唔 撚係 出手 就 走 俾 左膠 帶住 去 防暴 到 嘩 係咪 痴撚線 架 你地",1,13,4,0.307692307692308,1
"56","Q149","我覆多兩覆都冇心機了，見條友都係9唔搭7......之後仲打句歌詞，係得果條撚頭先會扮高人，打歌詞代心聲.......你記唔記得以前佢好鐘意打","我 覆 多 兩 覆 都 冇心機 了 見 條友 都係 唔搭 之後 仲 打 句 歌詞 係 得 果條 撚 頭 先會 扮 高人 打 歌詞 代 心聲 你 記 唔記得 以前 佢 好鐘意 打",1,14,8,0.571428571428571,1
"57","Q15","一陣救翻之後 一定要搵議員律師記者 同佢講清楚係唔係有狗逼佢跳樓 如果係嘅話之前嗰啲自殺都好大機會係咁","一陣 救 翻 之後 一定 要搵 議員 律師 記者 同 佢講 清楚 係唔係 有 狗 逼 佢 跳樓 如果 係 嘅 話 之前 嗰啲 自殺 都 好大機 會係咁",0,14,5,0.357142857142857,1
"58","Q150","歌咩撚野 以為人地識四面楚歌呢啲中文？同黑警圍大學播歌一樣咁on9","歌 咩撚野 以 為人地 識 四面楚歌 呢啲 中文 同 黑警 圍 大學 播 歌 一樣 咁",1,15,7,0.466666666666667,1
"59","Q151","我所識既大陸人個個住過千尺，一家幾口幾部私家車，人民水準點差都好過香港班洋奴。","我 所 識 既 大陸人 個個 住 過千 尺 一家 幾 口 幾 部 私家車 人民 水準 點 差 都 好過 香港 班 洋奴",1,19,8,0.421052631578947,1
"60","Q152","哈哈, 班廢青為左攪大件事, 吹到天花龍鳳. : 其實其他人睇落真係得啖笑.如果咁都告得成, 真係國際大笑話!","哈哈 班廢青 為左 攪大件事 吹到 天花龍鳳 其實 其他人 睇落 真係 得啖笑 如果 咁都 告得 成 真係 國際 大笑話",1,21,14,0.666666666666667,1
"61","Q153","今次共匪借葉國華下線既沈旭暉出呢篇文屌柒特區政府破壞外交部署呢穫多得林鄭班子同班毅進仔唔少, 唔知佢地會唔會遲D俾大陸捉上去犬決?","今次 共匪 借 葉國華 下線 既 沈旭暉 出 呢 篇文 屌柒 特區政府 破壞 外交 部署 呢 穫 多得 林鄭 班子 同班 毅進 仔 唔少 唔知 佢地 會 唔會 遲d 俾 大陸 捉 上去 犬決",1,18,9,0.5,1
"62","Q154","唔好咁講. 香港係住貴.其他野其實好平.衣 (tee 幾十蚊1件)食 (同其他大城市比出街食算好抵 大家樂, 大快活 茶記$4X -6X 唔好講自己煮)行(用廢老卡)","唔好 咁講 香港 係 住 貴 其他 野 其實 好平 衣 幾 十蚊 件 食 同 其他 大城市 比 出街食 算好抵 大家樂 大快活 茶記 唔 好講 自己煮 行 用 廢老 卡",1,18,3,0.166666666666667,1
"63","Q155","啲隻黃畜唔死都冇L用,男人老狗扮女人？泛聞屎派的菊花黨唔啱胃口的.","啲 隻 黃畜 唔 死 都冇 用 男人老狗 扮 女人 泛 聞屎 派 的 菊花 黨 唔啱 胃口 的",1,16,10,0.625,1
"64","Q156","呢樣真，呢d人喺外國見有d同胞英文講得好又埋local堆，就會葡萄人我見怪不怪，因為我都唔需要同呢d圈子打交道同local踢下波飲下酒吹水好過同d支那人燒錢","呢樣 真 呢 人 喺 外國 見 有 同胞 英文 講得好 又 埋 堆 就會 葡萄 人 我 見怪不怪 因為 我 都 唔需要 同 呢 圈子 打交道 同 踢 下 波 飲下 酒 吹水 好過 同 支那人 燒錢",1,17,3,0.176470588235294,1
"65","Q157","咩犯？ 你講咗先 下下話搶犯 我見到有人持槍挾持人質 同伴拯救不果 結果中槍五毛比多你","咩 犯 你 講咗 先 下 下話 搶 犯 我 見到 有人 持槍 挾持 人質 同伴 拯救 不果 結果 中槍 五毛 比多 你",1,14,6,0.428571428571429,1
"66","Q158","白癡到以為隻揪唔會畀人打死！幼稚到以為一定人哋畀你打到叫救命！不自量力，又要打人，又要凶人！潺仔，最叻緊係要保命啦！走得快！童話世界？未戒奶？","白癡 到 以為 隻揪 唔會 畀人 打死 幼稚 到 以為 一定 人哋 畀你 打到 叫 救命 不自量力 又要 打人 又要 凶 人 潺 仔 最叻 緊 係要 保命 啦 走得 快 童話 世界 未 戒奶",0,19,10,0.526315789473684,0
"67","Q159","大陸人好事不出門，壞事傳千里，最拿手下面呢幾樣。一賊二雞三強姦，四霸公屋五打尖。","大陸人 好事不出門 壞事 傳 千里 最 拿手 下面 呢 幾 樣 一 賊 二 雞 三 強姦 四 霸 公屋 五 打尖",0,16,10,0.625,0
"68","Q16","呢啲先係打架嘛。好似啲大國咁日撚日口交咩成班都濕鳩黎。明明可以用支那做test ground都唔撚出手，日日諗呢樣諗果樣。屌","呢啲 先係 打 架嘛 好似 啲 大國 咁 日 撚 日 口交 咩 成班 都 濕鳩 黎 明明 可以 用 支 那做 都 唔撚 出手 日日 諗 呢樣 諗 果樣 屌",1,19,10,0.526315789473684,1
"69","Q160","【印度大捷】中印之戰，印軍強勢壓迫，解放軍落荒而逃，撤軍收皮！","印度 大捷 中印 之 戰 印 軍 強勢 壓迫 解放軍 落荒而逃 撤軍 收皮",1,17,8,0.470588235294118,1
"70","Q161","訓咗兩晚依家cu係人手同物資過剩其他區個個想入 開花反而唔夠人","訓咗 兩 晚 依家 係 人手 同 物資 過剩 其 他區 個個 想 入 開花 反而 唔夠 人",0,19,3,0.157894736842105,0
"71","Q162","其實真嘅 好似8號波滑浪咁唔單只關乎你個人安全 仲有救你啲手足嘅風險","其實 真 嘅 好似 號 波 滑浪 咁 唔單只 關乎 你 個人 安全 仲有 救 你 啲 手足 嘅 風險",0,20,1,0.05,0
"72","Q163","欣賞呢班仁兄嘅付出，不過老實講佢地真係小學雞咗少少... 唔係好明國際社會嘅運作。割就唔會割，但我衷心希望佢地完咗呢個campaign 之後唔好再lead 其他活動...","欣賞 呢班 仁兄 嘅 付出 不過 老實講 佢地 真係 小學雞 咗 少少 唔係好明 國際 社會 嘅 運作 割 就 唔會 割 但 我 衷心 希望 佢地 完咗 呢個 之後 唔好 再 其他 活動",1,16,6,0.375,0
"73","Q164","共狗越來越明目張膽強迫港人熱愛共產黨:lol  什麼要效忠社會主義才叫愛國  共狗平快D叫D狗子孫放棄外國國籍死返大陸;P   共產黨同社會主義唔係港人自願選擇  死共狗:","共狗 越來越 明目張膽 強迫 港人 熱愛 共產黨 什麼 要 效忠 社會主義 才叫 愛國 共狗 平 快 叫 狗 子孫 放棄 外國 國籍 死 返大陸 共產黨 同 社會主義 唔係 港人 自願 選擇 死 共狗",1,16,4,0.25,1
"74","Q165","最短時間吸最多觀看留言正負評，所以一定要keep住推，對家五毛好多人架","最 短時間 吸 最多 觀看 留言 正 負評 所以 一定 要 推 對家 五毛 好多人 架",1,16,9,0.5625,1
"75","Q166","點止呀...相信所有中箭女會員入會前要被痴瘋教主用佢身上果支""驗孕棒""去証明仲係處女才可入會.....:","點止 呀 相信 所有 中箭 女 會員 入 會前 要被 痴瘋 教主 用 佢 身上 果 支 驗孕棒 去 証明 仲係 處女 才可 入會",1,10,6,0.6,1
"76","Q167","借架車比你自己上晒身，轉頭就報失保住自己，不如就咁偷一架好過。","借 架車 比你 自己 上晒 身 轉頭 就 報失 保住 自己 不如 就咁 偷 一 架 好過",0,16,4,0.25,0
"77","Q168","咁都唔係輸打嬴要?放出黎係班狗偷既 好放過放出黎班狗無偷既 繼續燒唔放出黎 又繼續燒咁你想點呀on9吹撚夠風向未定係你就係無腦打機打上腦當依家出去就係打機個d mk仔呀","咁都 唔係 輸打 嬴要 放 出黎 係 班 狗 偷 既 好 放過 放 出黎 班 狗 無 偷 既 繼續 燒 唔放 出黎 又 繼續 燒 咁 你 想 點呀 撚 夠 風向 未 定係 你 就係 無腦 打機 打 上腦 當 依家 出去 就係 打機 個 呀",1,20,14,0.7,1
"78","Q169","無錯，我地要諗方法connect白警大家唔好覺得無白警，只係邊圍都黑警加高層出唔到聲，諗下老豆搵仔係點黎就知Connect無打過人無殺過人無姦過人既白警","無錯 我地 要 諗 方法 白 警 大家 唔好 覺得 無 白 警 只 係邊 圍 都 黑警 加 高層 出唔到 聲 諗下 老豆 搵仔 係 點黎 就知 無 打 過人 無 殺 過人 無 姦 過人 既 白 警",1,15,4,0.266666666666667,1
"79","Q17","的確香港問題係積左落黎好多你可以話係港英政府留下來的SO周屎...但97後 一個貪曾就搞到香港走向不歸路了依家差左香港幾時無利用價值","的確 香港 問題 係 積 左 落黎 好多 你 可以 話係 港英政府 留下 來的 周 屎 但 一個 貪曾 就 搞到 香港 走向 不歸路 了 依家 差左 香港 幾時 無利用 價值",1,17,8,0.470588235294118,1
"80","Q170","正常既都會知自己唔會做一世總統，當然要任期內要做對自己有利既事:ph_12:生意人！識計數！點似毒果妓者智將？:ph_12::chcz_04:？","正常既 都 會知 自己 唔會做 一世 總統 當然 要 任期內 要做 對 自己 有利 既事 生意人 識 計數 點似 毒果 妓者 智將",1,16,7,0.4375,1
"81","Q171","其實大家見的59式坦克係清場完後的朝早先入城 晚上清場時應該得返步兵裝甲車 應該係屬機械步兵師","其實 大家 見 的 式 坦克 係 清場 完 後 的 朝 早先 入城 晚上 清場 時 應該 得返 步兵 裝甲車 應該係 屬 機械 步兵 師",0,18,3,0.166666666666667,0
"82","Q172","師兄講得好. 最近睇在 ""敘利亞戰爭：美國從不公開的中東地緣博奕與野心"" . 令我知道到尾國既醜惡險毒","師兄 講得好 最近 睇 在 敘利亞 戰爭 美國 從不 公開 的 中東 地 緣 博奕 與 野心 令我 知道 到 尾國 既 醜惡 險 毒",0,18,7,0.388888888888889,0
"83","Q173","1，藍消防你點拍手照屌2，金鍾果次其實係手足拉閘拉到手都傷哂救人先至冇重演831，d消防佬黎執雞咋你估佢地敢爆門?係會救人既831就唔會呆企","藍 消防 你 點 拍手 照 屌 金 鍾 果 次 其實 係 手足 拉閘 拉 到手 都 傷 哂 救人 先至 冇 重演 消防 佬 黎 執雞 咋 你 估 佢地 敢 爆門 係會 救人 既 就 唔會 呆企",1,16,12,0.75,1
"84","Q174","將之前廉署的那人拉下馬還有李寶蘭條仆街做得好!泛民反對派根本無力反擊李寶蘭一刀殺他們除了鳩叫幾句, 還有什麼做出來?從來最重要是結果!","將 之前 廉署 的 那人 拉 下馬 還有 李 寶 蘭 條 仆街 做得好 泛民 反對派 根本 無力 反擊 李 寶 蘭 一刀 殺 他們 除了 鳩叫 幾句 還有 什麼 做出來 從來 最重要 是 結果",1,9,5,0.555555555555556,1
"85","Q175","屋企個深藍廢老左諗右諗唔知投邊個?無問題保皇黨 我全都要 ！一次Cup晒三個 咪唔洗諗囉","屋企 個 深藍 廢 老左 諗 右 諗 唔知 投 邊個 無問題 保皇黨 我 全 都要 一次 晒 三 個 咪 唔洗諗 囉",1,20,17,0.85,1
"86","Q176","母親生賤種，你知唔知香港島個個禮拜都塞車。你咁睇唔開，咪個個星期出post吊九D遊行人仕囉","母 親生 賤種 你 知唔知 香港島 個個 禮拜 都 塞車 你 咁 睇唔開 咪 個個 星期 出 吊 九 遊行 人仕 囉",1,14,7,0.5,1
"87","Q177","其實好撚正常 臭港又逼又太多一堆唔關事既人 (I.e. 大劣人、特權階級人種、難民咖喱腸洋腸黑鬼腸、各式其式不撚正常人類），所以大部份人既信念同埋理想都係臭港死減減少一半人口","其實 好撚 正常 臭港 又 逼 又 太多 一堆 唔關事 既 人 大 劣 人 特權 階級 人種 難民 咖喱 腸 洋腸 黑鬼 腸 各式 其 式 不 撚 正常 人類 所以 大 部份人 既 信念 同埋 理想 都係 臭港 死 減 減少 一半 人口",1,22,11,0.5,1
"88","Q178","10點開始射，射到12點都拉得77、88機場套冷機設計係有預恐襲再搵人即洗都得聽日8點重開都冇問題，專制政府有優點就係執行力極高","點 開始 射 射到 點都 拉得 機場 套 冷 機 設計 係有 預 恐襲 再 搵人 即 洗 都得 聽日 點 重開 都冇問題 專制 政府 有 優點 就係 執行力 極高",0,15,6,0.4,0
"89","Q179","講D啱左癌聽既說話＋少少錢就令到班左癌自我扭曲價值觀化身權貴既狗四週圍咬人","講 啱 左 癌 聽 既 說話 少少錢 就 令到 班 左 癌 自我 扭曲 價值觀 化身 權貴 既 狗 四 週圍 咬人",1,18,10,0.555555555555556,1
"90","Q18","仲有,唔好搵發過夢既前線上去唔係之後比人跟到最多強調入面已經有一部分前線既意見","仲有 唔好搵 發過 夢 既 前線 上去 唔係 之後 比人 跟 到 最多 強調 入面 已經 有 一部分 前線 既 意見",0,14,2,0.142857142857143,0
"91","Q180","其實政府 對呢d都冇野管到就好似d廢老投訴完 都唔會有部門做野","其實 政府 對 呢 都 冇野 管 到 就 好似 廢老 投訴 完 都 唔 會有 部門 做野",1,17,6,0.352941176470588,1
"92","Q181","曱曱 ●曱 甴曱 甴曱 甴曱 甴●習曱甴 習曱平 曱甴平 甴曱平 甴近平曱甴近平","曱 曱 曱 甴曱 甴曱 甴曱 甴 習 曱甴 習 曱 平 曱甴 平 甴曱 平 甴 近 平 曱甴 近 平",1,16,6,0.375,1
"93","Q182","如果你的祖宗是中國人，我以你為恥﹗你這大漢奸，日本鬼子的走狗﹗快D去讀讀中國近代史才出來吠好無？﹗:","如果 你 的 祖宗 是 中國人 我 以 你 為恥 你 這 大 漢奸 日本鬼子 的 走狗 快 去 讀 讀 中國 近代史 才 出來 吠 好無",1,16,7,0.4375,1
"94","Q183","有咁好文彩，文憑試就唔會得個E啦睇我呢度，你就知政棍點解咁扑街：","有咁 好文彩 文憑試 就 唔會 得個 啦 睇 我 呢度 你 就知 政棍 點解 咁 扑街",1,21,11,0.523809523809524,1
"95","Q184","都好想炒黃屍，但我果道黃屍高學歷做得野，藍絲低學歷做野普遍麻麻 無計:","都 好想 炒 黃屍 但 我 果 道 黃屍 高學歷 做得野 藍絲 低 學歷 做野 普遍 麻麻 無計",1,19,8,0.421052631578947,1
"96","Q185","狗官自己加薪，殘民以自肥！美國總統人工都唔夠班局長咁高！習總的人工，係佢哋眼中，等同一條廢老的收入！","狗官 自己 加薪 殘 民 以 自 肥 美國 總統 人工 都 唔夠班 局長 咁高 習總 的 人工 係 佢哋 眼中 等 同一條 廢老 的 收入",1,14,8,0.571428571428571,1
"97","Q186","咁既環境 行山某程度上係無公德好多忽然行山撚會一大班去行行既途中除晒罩有傾有講汗水口水周圍飛點知自己或者對方係咪已感染但無病徵返去傳染身邊既人身邊既人又再傳染俾其他人","咁既 環境 行山 某 程度上 係 無公德 好多 忽然 行山 撚 會 一大班 去行行 既 途中 除 晒 罩 有傾有講 汗水 口水 周圍 飛 點知 自己 或者 對方 係咪 已 感染 但 無 病徵 返去 傳染 身邊 既 人 身邊 既 人 又 再 傳染 俾 其他人",1,16,6,0.375,1
"98","Q187","保護率梗係唔係咁計啦！柒都唔緊要，連上網搵料都唔識，就註定一世都要柒註定柒足一世的人重要話人水皮.........真係沒臉沒皮，侮辱中華民族！","保護 率 梗 係唔係 咁計 啦 柒 都 唔緊要 連 上網 搵料 都 唔識 就 註定 一世 都要 柒 註定 柒 足 一世 的 人 重要 話人 水皮 真係 沒臉沒皮 侮辱 中華民族",1,15,7,0.466666666666667,1
"99","Q188","祝 三萬thx，林奠班狗官同一眾奶共議員你地逢病必中，百病纏身，長命百歲","祝 三萬 林奠 班 狗官 同 一眾 奶共 議員 你地 逢 病 必中 百病 纏身 長命百歲",1,21,8,0.380952380952381,1
"100","Q189","呢個idea 幾好 ！用貼紙啦 其實港鐵連保障乘客安全最基本既野都做唔到點解我地仲要理佢啲濕鳩rules","呢個 幾好 用 貼紙 啦 其實 港鐵 連 保障 乘客 安全 最基本 既野 都 做唔到 點解 我地 仲要 理佢 啲 濕鳩",1,20,7,0.35,1
"101","Q19","呢條杏＋橙果然夠無恥！自己講明著草唔會返工，但又要照出糧，當納稅人係水魚？:","呢條 杏 橙 果然 夠無恥 自己 講明 著草 唔會 返工 但 又要 照 出糧 當 納稅人 係 水魚",1,14,7,0.5,1
"102","Q190","來來去去都係嗰三幅皮，佢個議員位真係筍工，係廢青夢寐以求嘅職位！一係未開會先嘈，一係一開會就嘈，一係一開會就失聲，爽死！絕世好工，點捨得放？ 睇下，長毛搞一搞，啲廢青又打咗針，幾high!!!","來來去去 都係 嗰 三 幅 皮 佢個 議員 位 真係 筍工 係 廢青 夢寐以求 嘅 職位 一 係未 開會 先 嘈 一係 一 開會 就 嘈 一係 一 開會 就 失聲 爽死 絕世 好工 點 捨得 放 睇下 長毛 搞 一 搞 啲 廢青 又 打咗針 幾",1,16,11,0.6875,1
"103","Q191","犯民戴妖嗰頭響台灣叫香港可以獨立，返港又話反對港獨，同姦民響出面話可以強姦呢個靚女，但返到屋企就話反對強姦⋯⋯思想有何分別呢:lDD_008::lDD_004::","犯民 戴妖 嗰頭 響 台灣 叫 香港 可以 獨立 返港 又話 反對 港獨 同 姦 民 響 出 面話 可以 強姦 呢個 靚女 但 返到屋企 就話 反對 強姦 思想 有何 分別 呢",1,24,14,0.583333333333333,1
"104","Q192","江永祥，警察公共關係科高級警司高級警司都答成咁，係咁ererer，問題係佢重要係公共關係科","江 永祥 警察 公共 關係 科 高級 警司 高級 警司 都 答 成 咁 係咁 問題 係 佢 重要 係 公共 關係 科",0,12,3,0.25,0
"105","Q193","半年黎大把依d風向5毛狗最鐘意凌晨開Po 帶朝早風向不過今次玩勇武 有D難搞","半年 黎 大把 依 風向 狗 最鐘意 凌晨 開 帶 朝早 風向 不過 今次 玩 勇武 有 難搞",1,14,9,0.642857142857143,1
"106","Q194","關事，集體腦殘嘅恐怖同威力，你响愚港都見唔少啦，佢哋想將227事件嘅所有人打成廢青港獨，於是去咗扒邱晨撐佔中支持港獨，以為咁樣可以連結到，點知而家微博詞條係肖戰連邱晨，笑爆嘴:","關 事 集體 腦殘 嘅 恐怖 同 威力 你 响 愚港 都 見唔少 啦 佢哋 想將 事件 嘅 所有人 打成 廢青 港獨 於是 去咗 扒 邱 晨 撐 佔中 支持 港獨 以為 咁樣 可以 連結 到 點知 而家 微博 詞條 係 肖 戰 連 邱 晨 笑爆嘴",1,13,8,0.615384615384615,1
"107","Q195","元朗站個指揮官係味食屎大嫁！1）叫港鐵停經元朗站2）咁多個出口設路障3）出一個拉一個，你勁味唔好出黎囉班死廢青唔嚇到頼屎咩！冇智慧做咩撚指揮官呀，好忟呀！支持警察！嚴正執法！:","元朗站 個 指揮官 係 味 食屎大 嫁 叫 港鐵 停 經 元朗站 咁 多個 出口 設 路障 出 一個 拉 一個 你 勁 味 唔好 出黎 囉 班 死廢青 唔 嚇到 頼 屎 咩 冇 智慧 做咩 撚 指揮官 呀 好 忟 呀 支持 警察 嚴正 執法",1,18,14,0.777777777777778,1
"108","Q196","咁多個非權貴派議員 一個都唔JR 一個都唔申請禁制令 要郭伯出手 咩鬼事","咁 多個 非 權貴 派 議員 一個 都 唔 一個 都 唔申請 禁制令 要 郭 伯 出手 咩 鬼事",0,17,5,0.294117647058824,0
"109","Q197","業主都未撚出聲被人破壞關你班警犬閪事我鍾意開間鋪畀人打爛嘢你吹脹呀？","業主 都未 撚 出聲 被 人 破壞 關 你班 警犬 閪 事 我 鍾意 開間 鋪 畀人 打 爛嘢 你 吹脹 呀",1,22,12,0.545454545454545,1
"110","Q198","其實啲廢青有咩好望，望撚嚟都嘥氣。上次放工我搭地鐵有個四十幾歲嘅傻佬同朋友傾計，突講咗黑警兩個字，我就由上車到落車一路望住佢。佢可能知道我望住佢，佢全程低頭唔敢抬起頭望下周圍","其實 啲 廢青 有咩 好 望 望 撚 嚟 都 嘥氣 上次 放工 我 搭地鐵 有個 四 十幾 歲 嘅 傻佬 同 朋友 傾計 突 講咗 黑警 兩個 字 我 就由 上車 到 落車 一路 望住 佢 佢 可能 知道 我 望住 佢 佢 全程 低頭 唔敢 抬起頭 望下 周圍",1,13,5,0.384615384615385,1
"111","Q199","你請KEEP住MON呢個POST。樓主一有需要就搵你出黎落口供。一定要咬實","你 請 呢 個post 樓主 一 有需要 就 搵你 出黎 落口供 一定 要 咬實",0,15,7,0.466666666666667,0
"112","Q2","咪就係。。係咪黑警扮其實都唔難分辨有D的確係但有D又係真係前線","咪 就係 係咪 黑警 扮 其實 都 唔難 分辨 有 的 確係 但有 又係 真係 前線",1,14,4,0.285714285714286,1
"113","Q20","隻賤畜黃屍郭榮鏗呢2 日做咩縮鳩埋唔出嚟繼續亂吠呀 淆晒底喇 不過都冇用 等阿爺清算全方位封殺你全族人 過定去同鬼佬奶屎眼食狗糧都得喇","隻 賤畜 黃屍 郭榮鏗 呢 日 做咩 縮 鳩 埋 唔出嚟 繼續 亂吠 呀 淆 晒 底 喇 不過 都 冇用 等 阿爺 清算 全方位 封 殺你 全 族人 過 定 去 同 鬼佬 奶 屎眼 食 狗糧 都 得喇",1,15,11,0.733333333333333,1
"114","Q200","動L集團被賓周判搞到雞毛鴨血損失億億聲，髮撚只判賓周判不痛不癢三百幻！朝中有人好辦事都會發生於今時今日嘅鄉講！","動 集團 被 賓周 判 搞到 雞毛 鴨血 損 失億 億 聲 髮 撚 只 判 賓周 判 不痛 不 癢 三百 幻 朝 中 有人 好 辦事 都會 發 生於 今時今日 嘅 鄉 講",1,18,9,0.5,1
"115","Q201","班仆街自身想 冇人讀 冇收入 不去指責曱甴 反而寫編咁嘅文章有鳩用咩:chcz_15:","班仆街 自身 想 冇人 讀 冇 收入 不去 指責 曱甴 反而 寫 編 咁嘅 文章 有鳩用 咩",1,17,11,0.647058823529412,1
"116","Q202",":不過真心，班居民無腦，以為行下就可以表達訴求，過去半個月仲表達唔夠? 引埋班非居民既黑色暴徒來搞自己區好好玩咩","不過 真心 班 居民 無腦 以為 行下 就 可以 表達 訴求 過去 半個月 仲 表達 唔夠 引 埋班 非 居民 既 黑色 暴徒 來 搞 自己區 好好 玩咩",1,15,11,0.733333333333333,1
"117","Q203","國務院之前有個發言人，話covid-19 係第19代了??，仲鬧點解唔係covid-1就做野。國務院有時講野已經可以當笑話聽。","國務院 之前 有個 發言人 話 係 第 代 了 仲 鬧 點解 唔係 就 做野 國務院 有時 講野 已經 可以 當 笑話 聽",0,13,4,0.307692307692308,0
"118","Q204","曾俊華淨係識遊花園,林太都忍唔住叫佢直接回答啦,仲要繼續遊,吊,得一兩分鐘就直接D啦","曾俊華 淨係 識 遊花園 林太 都 忍唔住 叫佢 直接 回答 啦 仲要 繼續 遊 吊 得 一 兩 分鐘 就 直接 啦",0,17,8,0.470588235294118,1
"119","Q205","蝗滋瘋條柒頭甘多仇口，點知佢係咪溝人條女，標自己兄弟松柴，起啲世叔伯尾注呀？！","蝗 滋 瘋 條 柒頭 甘多 仇口 點知 佢 係咪 溝 人 條女 標 自己 兄弟 松柴 起啲 世叔伯 尾注 呀",1,19,13,0.684210526315789,1
"120","Q206","人哋唔鍾意同黃狗店一樣，賺少少就打晒飛機咁！因為平時都係咁賺，就唔會1、2日有利潤就吹到大一大。同埋1億唔係袋晒落袋架，黃狗店舖頭仔，要交大大份租俾藍絲包租公架！on9仔:","人哋 唔鍾意 同 黃狗 店 一樣 賺 少少 就 打晒 飛機 咁 因為 平時 都係咁 賺 就 唔會 日 有 利潤 就 吹到 大 一 大 同埋 唔係 袋晒 落袋 架 黃狗 店 舖頭仔 要 交 大大 份 租 俾 藍絲 包租公 架",1,12,4,0.333333333333333,1
"121","Q207","XXXX正如YYYY呢個立論本身就有問題啦, 就算Y係事實, 點證明到X都係真確, 兩者有咩因果關係呢啲垃圾文呃藍絲就得","正如 呢個 立論 本身 就 有問題 啦 就算 係 事實 點 證明 到 都係 真確 兩 者 有咩 因果 關係 呢啲 垃圾文 呃 藍絲 就得",0,16,5,0.3125,0
"122","Q208","點解你地班港毒廢青老豆solomon yue屙篤尿都要share上嚟","點解 你地 班 港毒 廢青 老豆 屙篤尿 都要 上嚟",1,16,10,0.625,1
"123","Q209","事實上, 基於歷史原因, 香港對大陸移民, 已經可以算係全世界最嚴厲的國家,實在不宜太過份.","事實上 基於 歷史 原因 香港 對 大陸 移民 已經 可以 算係 全世界 最嚴厲 的 國家 實在 不宜 太過份",0,16,2,0.125,0
"124","Q21","而家阿豬阿狗以為讀完個垃圾學位就係大學生。。。抗議啲大學開埋啲濕9課程養埋啲廢柴大學生。強烈取消教育大學和社工呢啲濕九學位。","而家 阿豬阿狗 以為 讀完 個 垃圾 學位 就係 大學生 抗議 啲 大學 開埋 啲 濕9 課程 養埋 啲 廢柴 大學生 強烈 取消 教育大學 和 社工 呢啲 濕九 學位",1,14,8,0.571428571428571,1
"125","Q210","故事講閃婚既個女主角個老豆係監犯逃獄出黎有一part係講男女家比人拉晒返差館既另找一套 都係喜劇講一夜夫妻攪大左個女主角係新聞主播，男主角成撚日食大麻既","故事 講 閃婚 既 個 女主角 個 老豆 係 監犯 逃獄 出黎 有 一 係 講 男女家 比人 拉晒 返 差館 既 另 找 一套 都係 喜劇 講 一夜 夫妻 攪 大左 個 女主角 係 新聞主播 男主角 成撚日 食大麻 既",1,15,9,0.6,1
"126","Q211","你地有人支持就做，不割，但唔好割只支持五大訴求的淺黃，屌自己人即當熱狗處理。","你地 有人 支持 就 做 不 割 但 唔好 割 只 支持 五大訴求 的 淺 黃 屌 自己人 即 當 熱狗 處理",1,16,5,0.3125,1
"127","Q212","校方有責任妥善管理校園，你因為政治立場而撕咗我啲壁報就唔係表達政治訴求咩","校方 有責任 妥善 管理 校園 你 因為 政治立場 而 撕 咗 我 啲 壁 報 就 唔係 表達 政治 訴求 咩",0,15,0,0,0
"128","Q213","襲警者註定死於非命, 祖宗十八代永不超生, 一世淪為永遠都唔見得光既自卑蒙面者, 龜縮於本土地下井底蛙的垃圾槽內沾沾自喜, 可悲;P :lol","襲警 者 註定 死於非命 祖宗 十 八 代 永不超生 一世 淪為 永遠 都 唔見得光 既 自卑 蒙面 者 龜縮 於 本土 地下 井底蛙 的 垃圾槽 內 沾沾自喜 可悲",0,15,12,0.8,0
"129","Q214",": 其實 差人福利極好 OT起碼有錢袋 好多行OT是沒錢收 但藍屍講到好似差人好偉大 好好笑羅不過希望佢沒事 畢竟有報應都應該是689","其實 差人 福利 極 好 起碼 有 錢袋 好 多行 是 沒錢 收 但 藍屍 講到 好似 差人 好偉大 好好笑 羅 不過 希望 佢 沒事 畢竟 有報應 都 應 該是",1,16,8,0.5,1
"130","Q215","樓主快啲出錢投公投分裂中國啦，我會去投票反對票，以支持樓主嘅付出！搞個公投只係幾千萬，樓主為咗民主，應該唔介意問人借嘅","樓主 快啲 出錢 投 公投 分裂 中國 啦 我 會 去 投票 反對票 以 支持 樓主 嘅 付出 搞個 公投 只係 幾 千萬 樓主 為咗 民主 應該 唔介意 問人 借 嘅",0,14,6,0.428571428571429,0
"131","Q216","一早提名, 就決不回頭, 捧了林鄭上位, 提名的也有著數仇泛民是建制選委方針薯片與泛民走得近, 根本零機會","一早 提名 就 決不 回頭 捧 了 林鄭 上位 提名 的 也 有著數 仇 泛民 是 建制 選委 方針 薯片 與 泛民 走得 近 根本 零 機會",0,16,3,0.1875,0
"132","Q217","呢d衰野佢地做完係唔會提，就算提都會洗白，話個老人家衰先，得罪黃屍死全家。","呢 衰野 佢地 做完 係 唔會 提 就算 提 都會 洗白 話 個 老人家 衰 先 得罪 黃屍 死全家",1,18,11,0.611111111111111,1
"133","Q218","係個天唔滿意佢地搞極都係講多個做, 所以用d 冰雹去催佢地加快腳步.","係 個 天 唔滿意 佢地 搞 極 都係 講 多個 做 所以 用 冰雹 去 催 佢地 加快 腳步",0,18,9,0.5,0
"134","Q219","一討論區ｄ大６９毛畜死全家好大機會用一個低能account意圖同對方挑起罵戰攬炒，呢類方式係低級大６９毛畜慣技。;P","一 討論區 大 毛 畜 死全家 好大機會 用 一個 低能 意圖 同 對方 挑起罵戰 攬炒 呢類 方式 係 低級 大 毛 畜 慣技",1,20,14,0.7,1
"135","Q22","你咁撚好搵做咩on9想你班要食遊客水既死好撚耐有民主既一定要係每個關口收出入境稅，每次五百，乜撚野水貨客黑工，立即無哂","你 咁撚 好 搵 做咩 想 你班 要 食 遊客 水 既 死 好撚耐 有民主 既 一定 要 係 每個 關口 收 出 入境稅 每次 五 百 乜撚野 水貨客 黑工 立即 無哂",1,18,11,0.611111111111111,1
"136","Q220","同佢講 發現佢係完全理解唔到之後慢慢發現我地同支那人真係完全兩類人佢地係見到人地好過佢 就會好嬲果種姐係見到人死會好開心咁","同 佢講 發現 佢係 完全 理解 唔到 之後 慢慢 發現 我地 同 支那人 真係 完全 兩 類 人 佢地 係 見到 人地 好過佢 就會 好嬲 果種 姐係 見到 人 死 會 好開心 咁",1,18,7,0.388888888888889,1
"137","Q221","《蘋果日報》本身係左膠底隱性左膠DNA, 係忍唔住既時候, 就會發作平時點扮、點掩飾都無用","蘋果日報 本身 係 左膠 底 隱性 左膠 係 忍唔住 既 時候 就會 發作 平時 點 扮 點 掩飾 都 無用",1,17,4,0.235294117647059,1
"138","Q222","民主美國掛住玩批鬥, 窮困於口罩, 迫於無奈先要做呢D咩我地被曱甴形的獨裁香港, 個個口罩充足, 又防疫得好, 當然唔洗咁狼狽不堪要自製啦;P","民主 美國 掛住玩 批鬥 窮 困於 口罩 迫於無奈 先 要做 呢 咩 我地 被 曱甴 形 的 獨裁 香港 個個 口罩 充足 又 防疫 得 好 當然 唔 洗咁 狼狽不堪 要 自製 啦",1,18,10,0.555555555555556,1
"139","Q223","自從97回龜後，香港已經一步步被假共慘同埋假共慘國自戀人摧毀。力場之說，都係回龜後出現","自從 回 龜 後 香港 已經 一步步 被 假 共慘 同埋 假 共慘 國 自 戀人 摧毀 力 場 之說 都係 回 龜 後 出現",1,20,8,0.4,1
"140","Q224","成篇重點就係打定針聽日有人死都係示威者扮黑警殺人屌你老母on99","成 篇 重點 就係 打 定 針 聽日 有人 死 都係 示威者 扮 黑警 殺人 屌你老母",1,18,10,0.555555555555556,1
"141","Q225","其實唔駛咁敏感，每次遊行集會都有被捕架，無被捕既話警犬唔批有係一回事大家忽視咪得","其實 唔駛 咁敏感 每次 遊行 集會 都有 被捕 架 無 被捕 既話 警犬 唔批 有 係 一回事 大家 忽視 咪得",1,14,5,0.357142857142857,1
"142","Q226","咪答左喎!當日網上咁多人見到直播打人, 無人報警先係奇!而且, 警察已經到場(不過笠水走左去), 根本唔關多人打999事!","咪 答左 喎 當日 網 上咁多 人 見到 直播 打人 無人 報警 先係 奇 而且 警察 已經 到場 不過 笠水 走左 去 根本 唔關 多人 打 事",0,21,5,0.238095238095238,0
"143","Q227","我認同呀，食人血饅頭，家長捐俾手足嘅錢又據為己有，又當同路人、手足係義工，真心仲賤過藍店","我 認同 呀 食 人血 饅頭 家長 捐俾 手足 嘅 錢 又 據為己有 又 當 同路人 手足 係 義工 真心 仲 賤過 藍 店",1,18,10,0.555555555555556,1
"144","Q228","鑒於近日有無辜香港市民慘遭黑勢力人仕襲擊，現懇切呼籲各香港市民不論男女，請慎防本地非法操縱妓女賣淫集團，保障自身安全，萬事小心，","鑒於 近日 有 無辜 香港 市民 慘遭 黑勢力 人仕 襲擊 現 懇切 呼籲 各 香港 市民 不論 男女 請 慎防 本地 非法 操縱 妓女 賣淫 集團 保障 自身 安全 萬事 小心",0,18,2,0.111111111111111,0
"145","Q229","喺維園等入中央草坪等咗三個幾鐘都繼續等黑狗一句就話終止 食屎啦","喺 維園 等入 中央 草坪 等咗 三 個幾鐘 都 繼續 等 黑狗 一句 就話 終止 食屎 啦",1,16,9,0.5625,1
"146","Q23","推 五大訴求 缺一不可 自衛反擊 香港人 反抗 撤回已不是重點 解散警隊 追究刑責 勿忘721 85 811 831警黑勾結 無差別恐襲 10月1港殤","推 五大訴求 缺一不可 自衛 反擊 香港人 反抗 撤回 已不是 重點 解散 警隊 追究 刑責 勿忘 警 黑 勾結 無 差別 恐襲 月 港 殤",0,17,7,0.411764705882353,0
"147","Q230","罪有應得，冇腦鳩衝係要付出代價嘅，可惜其他死曱甴未知驚，仍然視法律如無物，班仆街政棍/泛民/暴民仲繼續推波助瀾，係班安鳩仔女先聽佢地支笛","罪有應得 冇腦 鳩衝 係要 付出 代價 嘅 可惜 其他 死 曱甴 未 知驚 仍然 視 法律 如 無物 班仆街 政棍 泛民 暴民 仲 繼續 推波助瀾 係 班 安 鳩 仔女 先 聽 佢地 支笛",1,18,12,0.666666666666667,1
"148","Q231","試著說我無野講唔使理會佢講咩唔好比佢氹到唔使認罪我要見律師唔好比佢大到玩白色恐怖?記得黑警 無一個好人唔好中佢計 扮關心你","試 著 說 我 無野 講 唔使 理會 佢 講咩 唔好 比佢 氹到 唔使 認罪 我 要 見 律師 唔好 比佢 大到 玩 白色恐怖 記得 黑警 無 一個 好人 唔 好中 佢 計 扮 關心你",1,18,9,0.5,1
"149","Q232","支持你們攪黃絲。犯民脫港公投。係時候將黃絲犯民分裂出去。搵英國人比個島你地立國。","支持 你們 攪 黃絲 犯民 脫 港 公投 係時候 將 黃絲 犯民 分裂 出去 搵 英國人 比個 島 你地 立國",1,15,7,0.466666666666667,1
"150","Q233","同意，要學印度.美式執法...對於暴民，印度警察會先打三棍，美國警察就送三粒子彈，比死曱甴.廢青。","同意 要學 印度 美式 執法 對於 暴民 印度 警察 會 先 打 三 棍 美國 警察 就 送 三 粒 子彈 比死 曱甴 廢青",1,12,7,0.583333333333333,1
"151","Q234","Public health 呢個speciality 不嬲唔會搵得多你普通GP出嚟都要有客先得㗎你讀完個專科做返普通門診又好似冇乜意思由揀得public health 開始應該都係aim做官","呢個 不嬲 唔會搵 得多 你 普通 出嚟 都 要有 客 先得 <U+35CE> 你 讀完 個 專科 做返 普通 門診 又 好似 冇 乜意思 由 揀 得 開始 應該 都係 做官",0,20,4,0.2,0
"152","Q235","中國不會攻打印度，只是驅逐入侵者，必要時把發兵阻礙行動的印度基地炸到喪失功能。","中國 不會 攻打 印度 只是 驅逐 入侵者 必要 時 把 發 兵 阻礙 行動 的 印度 基地 炸 到 喪失 功能",0,18,6,0.333333333333333,0
"153","Q236","支那共匪，共產而不敢共妻，有名事實，東瀛城邦勇士，貫徹反共鬥爭，寧共前妻都不共產，邪惡中共，音樂壞了，","支那 共匪 共產 而 不敢 共 妻 有名 事實 東瀛 城邦 勇士 貫徹 反共 鬥爭 寧 共 前妻 都 不 共產 邪惡 中共 音樂 壞了",1,16,9,0.5625,1
"154","Q237","狗毛廢青：泛民教導.....除左賣國賣港就只識奶人鞋底，最慘而家人地連鞋底都唔比你奶，如果英果開個條件話跟住50年香港收入都比晒佢地我睇佢地為左自己私利都會應承人","狗 毛 廢青 泛民 教導 除左 賣國 賣港 就 只識 奶 人 鞋底 最慘 而家 人地 連 鞋底 都 唔比你 奶 如果 英 果 開個 條件 話 跟住 年 香港 收入 都比 晒 佢地 我 睇 佢地 為左 自己 私利 都會 應承 人",1,17,10,0.588235294117647,1
"155","Q238","工廠停曬工，比起d乜鳩環保組織推隻北極熊出嚟叫人捐錢有用唔知幾多倍","工廠 停 曬 工 比起 乜鳩 環保 組織 推 隻 北極熊 出 嚟叫人 捐錢 有用 唔知 幾 多倍",1,17,4,0.235294117647059,1
"156","Q239","消防樹大有枯枝。連續個幾月嘅暴徒破壞，無差別襲擊市民，警察。又唔見你班消防，入境處出句聲。未審先判，老屈警黑合作。","消防 樹 大有 枯枝 連 續個 幾 月 嘅 暴徒 破壞 無 差別 襲擊 市民 警察 又 唔見 你班 消防 入境處 出句聲 未 審 先判 老屈 警 黑 合作",1,18,9,0.5,1
"157","Q24","泛民推卸責任，暴徒一開始就參與佔中，衝擊挑釁警方就是他們負責，公民黨員都有份喎","泛民 推卸 責任 暴徒 一開始 就 參與 佔中 衝擊 挑釁 警方 就是 他們 負責 公民 黨員 都 有份 喎",1,16,6,0.375,1
"158","Q240","屌你上面咪有證據囉咩冇人證實到你扮盲啦美國共和黨 : 《香港人權與民主法案》可能會提早表決通過！","屌你 上面 咪 有證據 囉 咩 冇人 證實 到 你 扮 盲 啦 美國 共和黨 香港 人權 與 民主 法案 可能 會 提早 表決 通過 分享 自 討論區",1,19,9,0.473684210526316,1
"159","Q241","我熱愛祖國河山，但也是理智的，大陸北方氣候嚴酷，富庶的南方多山，可用土地不多，美國以平原為主，更有利農牧業，而整個東亞大陸氣候都比同緯度的美國嚴酷，中國稱不上地球上最好的大陸:","我 熱愛 祖國 河山 但 也是 理智 的 大陸 北方 氣候 嚴酷 富庶 的 南方 多 山 可用 土地 不多 美國 以 平原 為主 更 有利 農牧業 而 整個 東亞 大陸 氣候 都比 同 緯度 的 美國 嚴酷 中國 稱 不上 地球上 最好 的 大陸",0,16,3,0.1875,0
"160","Q242","星期五吾係約左佢通渠咩  小心Ｄ膠登仔張Ｄ通渠片放上ＡＶ片區到啊:","星期五 吾係 約 左 佢 通渠 咩 小心 膠登仔 張 通渠 片 放上 片區 到 啊",1,16,10,0.625,1
"161","Q243","洗鳩你救，北角街坊大部份福建人黎，佢地只係比人煽動P牌三毛咪當前線係弱智先得架","洗 鳩 你 救 北角 街坊 大部份 福建 人黎 佢地 只係 比人 煽動 牌 三毛 咪 當 前線 係 弱智 先得 架",1,18,11,0.611111111111111,1
"162","Q244","邊一間公司唔撚先揾錢？佢有消費過坑爭？見咁撚多人block9你話你五毛你知問係黃嘅話你再用腦諗下先同人嘈blocked 898","邊 一間 公司 唔撚 先 揾錢 佢 有 消費 過 坑 爭 見 咁撚 多人 你 話 你 五毛 你 知 問 係 黃 嘅 話 你 再 用腦 諗下 先 同人 嘈",1,18,9,0.5,1
"163","Q245","球會back office職位可以做諗起早幾年有巴打踩單車去英國, 最後曼聯請左佢係舖頭做","球會 職位 可以 做 諗起 早 幾年 有 巴打 踩單車 去英國 最後 曼聯 請 左 佢係 舖頭 做",0,10,3,0.3,0
"164","Q246","正豬西~~~7下7下咁想陰9人,撐唐撐到出哂面,好L9囉個政府 :","正 豬西 下 下 咁想 陰 人 撐 唐 撐到 出哂 面 好 囉 個 政府",1,17,10,0.588235294117647,1
"165","Q247","我覺得 個8婆 老豆老母既親戚㩒住個咀偷笑緊個女不單讀唔入流既大學，依家仲要貢既野出黎……無家教即係無家教:","我 覺得 個 老豆老母 既 親戚 <U+3A52> 住 個 咀 偷 笑緊 個 女 不單 讀 唔入流 既 大學 依家 仲要 貢 既野 出黎 無家教 即係 無家教",1,18,10,0.555555555555556,1
"166","Q248","親測有效 利申hsbc用家online banking取消自動轉賬兩分鐘搞掂","親 測 有效 利申 用家 取消 自動 轉賬 兩 分鐘 搞掂",0,19,1,0.0526315789473684,0
"167","Q249","是但啦，光復緊香港呀！仲fc！黑警楂槍入住所指住市民，我地啱用咪得囉！我地要推上國際！時代革命呀！","是但 啦 光復 緊 香港 呀 仲 黑警 楂 槍 入 住所 指住 市民 我地 啱用 咪得 囉 我地 要 推上 國際 時代革命 呀",1,12,5,0.416666666666667,1
"168","Q25","今日都遲啦，林病係 瑞士返嚟嗰日，記招唔係宣布封關，初二就應該罷工喇","今日 都 遲 啦 林病 係 瑞士 返嚟 嗰日 記招 唔係 宣布 封關 初 二 就 應該 罷工 喇",1,14,6,0.428571428571429,1
"169","Q250","當初林鄭話有中央支持可以日驗50萬，點知驗成個星期先驗得100萬個- 分享自 LIHKG 討論區","當初 林鄭 話 有 中央 支持 可以 日 驗 萬 點知 驗 成個星期 先 驗 得 萬 個 分享 自 討論區",0,15,2,0.133333333333333,0
"170","Q251","岩呀繼續鳩up 啦你唔出聲靜靜地反而唔知點算你講多錯多就辣著更加多人","岩 呀 繼續 鳩up 啦 你 唔出聲 靜靜地 反而 唔知 點算 你 講多錯多 就 辣 著 更加 多人",1,17,6,0.352941176470588,1
"171","Q252","我老母係屋企都屌哂鬼 呢d日常用品都要拉 你班黑警又係到辣火頭 師奶平時買菜刀 鍋蓋 電筒有幾閒","我 老母 係 屋企 都 屌哂 鬼 呢 日常用品 都 要拉 你班 黑警 又 係到 辣 火頭 師奶 平時 買 菜刀 鍋 蓋 電筒 有 幾 閒",1,16,4,0.25,1
"172","Q253","Me too Thx手足認同你唔應該話人送頭冇人知做咩先最有用但係我淨係知出嚟真係要好大勇氣repsect所有手足和勇不分 齊上齊落","手足 認同你 唔應該 話人 送頭 冇人 知 做咩 先 最 有用 但係 我 淨係知 出嚟 真 係要 好大 勇氣 所有 手足 和 勇 不分 齊 上 齊 落",0,17,5,0.294117647058824,0
"173","Q254","TRUE,一杯可樂係半島同超市都差好遠,冇人揸支槍叫你買,有咩好怨:","一杯 可樂 係 半島 同 超市 都 差好遠 冇人 揸 支 槍 叫你 買 有咩 好 怨",0,17,1,0.0588235294117647,0
"174","Q255","因為今次你見到 大陸自己都瀨屎瀨尿無暇對付香港依次攪到香港咁慘 完全係林酋一個人嘅歹毒 佢就喺依個時候用香港獻祭俾中共","因為 今次 你 見到 大陸 自己 都 瀨屎 瀨尿 無暇 對付 香港 依次 攪到 香港 咁慘 完全 係 林 酋 一 個人 嘅 歹毒 佢 就喺 依個 時候 用 香港 獻 祭 俾 中共",1,15,6,0.4,1
"175","Q256","以後和理非遊行都可以比人無啦啦係天橋上射 永遠追究唔到 屌你老母啦死黑警","以後 和 理非 遊行 都 可以 比人 無啦啦 係 天 橋上 射 永遠 追究 唔到 屌你老母 啦 死 黑警",1,17,7,0.411764705882353,1
"176","Q257","衝入軍營去，開放日就加演真人實彈射擊比市民親自開槍，一齊射向豬西滴。","衝入 軍營 去 開放日 就 加演 真人 實彈 射擊 比 市民 親自 開槍 一齊 射 向 豬西滴",1,16,7,0.4375,1
"177","Q258","曱甴搶警槍之後下一步就用嚟射殺市民或普通曱甴再嫁禍比警方！幕後金主大手做淡再配合警方殺人消息從中獲取巨利又可達到政治目的！","曱甴 搶 警槍 之後 下一步 就 用嚟 射殺 市民 或 普通 曱甴 再 嫁禍 比 警方 幕後 金主 大手 做 淡 再 配合 警方 殺人 消息 從中 獲取 巨利 又 可 達到 政治 目的",1,18,8,0.444444444444444,1
"178","Q259","係wor, 頭先仲聽到d差佬響度爆粗, 話搞咁耐都唔得, 要call個校長返黎, 勁大聲lor.....","係 頭先 仲 聽到 差佬 響度 爆粗 話 搞 咁耐 都唔得 要 個 校長 返黎 勁 大聲",0,16,5,0.3125,0
"179","Q26","兄弟做野....ERIC老師的BLOG快些去佢BLOG做下FAN啦!","兄弟 做野 老師 的 快 些 去 佢 做下 啦",0,15,5,0.333333333333333,0
"180","Q260","反中人渣鬥不過中國政府又想利用小小話題去醜化中華民族反中人渣枉作小人:","反中 人渣 鬥不過 中國 政府 又 想 利用 小小 話題 去 醜化 中華民族 反中 人渣 枉 作 小人",1,16,10,0.625,1
"181","Q261","點會冇辦法擺地下比人踩又得QR code上面比人寫滿晒口號又得大把方法喇仲要乖乖做港豬?","點會 冇辦法 擺 地下 比人 踩 又得 上面 比人 寫 滿晒 口號 又得 大把 方法 喇 仲要 乖乖 做 港豬",1,15,6,0.4,1
"182","Q262","警方出手平暴……飯民話係過份武力震壓！警方顧及各方安全而撤退……飯民佢哋又話放水？所以話飯民口中嘅「溝通」只不過係一個口號，政府有冇行動成果……飯民都係一九樣包庇暴徒及鼓勵暴徒去進行破壞。","警方 出手 平暴 飯民 話係 過份 武力 震 壓 警方 顧及 各方 安全 而 撤退 飯民 佢哋 又話 放水 所以話 飯民 口中 嘅 溝通 只不過 係 一個 口號 政府 有冇 行動 成果 飯民 都係 一九樣 包庇 暴徒 及 鼓勵 暴徒 去 進行 破壞",1,15,4,0.266666666666667,1
"183","Q263","可能真系有洗腦，作者居然話飯民是香港破壞王，建製派是建設王。香港迴歸前不知有多好，但迴歸後一直比西環輸入貧窮150個單程，搞到香港僕街都是這班綜援婆，公屋","可能 真系有 洗腦 作者 居然 話 飯民 是 香港 破壞王 建 製 派 是 建設 王 香港 迴歸 前 不知 有 多好 但 迴歸 後 一直 比 西環 輸入 貧窮 個 單程 搞到 香港 僕街 都是 這班 綜援 婆 公屋",1,18,8,0.444444444444444,1
"184","Q264","你嗌住光復香港、時代革命，之後諗移民。我退無可退選擇守。但你借住運動幫你BNO平權，你自私多過我啦柒頭","你 嗌住 光復香港 時代革命 之後 諗移民 我 退 無 可退 選擇 守 但 你 借 住 運動 幫 你 平權 你 自私 多過 我 啦 柒頭",1,17,7,0.411764705882353,1
"185","Q265","號召全港市民到你附近打邊爐、燒野食，睇你頂得耐。偷食正仆街仔。","號召 全港 市民 到 你 附近 打邊爐 燒 野食 睇你 頂 得 耐 偷食 正 仆街 仔",1,17,7,0.411764705882353,1
"186","Q266","2隻狗柒左，仲會反去寫報告通緝咩，我估唔會囉，還掂都係求能期拉之嘛","隻 狗 柒左 仲會 反去 寫 報告 通緝 咩 我估 唔會 囉 還掂 都係 求 能 期 拉 之嘛",1,15,9,0.6,1
"187","Q267","之前有啲仆街仔仲話大陸唔敢修路㗎， 仲話送錢比印度走㗎。乜不是嗎:","之前 有啲 仆街 仔 仲話 大陸 唔敢 修路 <U+35CE> 仲話 送錢 比 印度 走 <U+35CE> 乜 不是 嗎",1,17,10,0.588235294117647,1
"188","Q268","以為得藍屍會做fake news, 估唔到連登仔都咁多, DLLM","以為 得 藍屍 會 做 估唔到 連登 仔 都 咁多",1,17,10,0.588235294117647,1
"189","Q269","我都打算俾左覆診紙老細睇去過醫院(唔會去)自我隔離14日敢炒我既 實同佢玩到底","我 都 打算 俾左 覆診 紙 老細 睇 去過 醫院 唔會 去 自我 隔離 日 敢 炒 我 既 實 同佢 玩 到底",0,18,6,0.333333333333333,0
"190","Q27","真可憐，報應喺小朋友身上 ，呢隻曱甴成蟲有無見過泛狗政棍，帶過自己仔女出嚟 ？一定無，因為係死蠢至會推自己仔女去死。","真可憐 報應 喺 小朋友 身上 呢隻 曱甴 成 蟲 有 無見過 泛 狗政棍 帶過 自己 仔女 出嚟 一定 無 因為 係 死蠢 至會 推 自己 仔女 去死",1,18,8,0.444444444444444,1
"191","Q270","即係點呀？台灣碩士都只係去倒垃圾，咁學士倒乜春好呢？這證實台灣已經倒退到窮得連屎都要搶食，做魚民又被倭日驅逐，台灣人連尊嚴都沒有了。","即係 點呀 台灣 碩士 都 只係 去 倒 垃圾 咁 學士 倒 乜春 好 呢 這 證實 台灣 已經 倒 退到 窮得 連 屎 都要 搶食 做 魚民 又 被 倭 日 驅逐 台灣人 連 尊嚴 都 沒 有了",1,17,8,0.470588235294118,1
"192","Q271","克什米爾其實都慘比印度吞併但另外兩個鄰國更仆街印度都知克什米爾獨立就係比中國同巴基斯坦瘋狂滲透但吞併左難免比支那攻擊雙重標準","克什米爾 其實 都 慘 比 印度 吞併 但 另外 兩個 鄰國 更 仆街 印度 都知 克什米爾 獨立 就係 比 中國 同 巴基斯坦 瘋狂 滲透 但 吞併 左 難免 比 支那 攻擊 雙重 標準",1,16,8,0.5,1
"193","Q272","唔撚會割分化撚死撚開啦係咪又要我地貼手足比人斬撚到腳見骨個張圖先識醒","唔撚 會 割 分化 撚 死撚 開啦 係咪 又要 我地 貼 手足 比人 斬 撚 到 腳 見 骨 個 張圖 先識 醒",1,16,11,0.6875,1
"194","Q273","又話無引渡協議嘅，台灣做乜鳩，咁著草去咗嗰邊班暴民點算:lol","又話 無 引渡 協議 嘅 台灣 做乜鳩 咁 著草 去咗 嗰 邊班 暴民 點算",1,16,9,0.5625,1
"195","Q274","唔怪得雙普選越推越後啦原來政府係想拖到特區都冇埋…等我地香港市民選都冇得選就比蝗國合併左先","唔怪得 雙普選 越 推 越 後 啦 原來 政府 係 想 拖到 特區 都 冇埋 等 我地 香港市 民選 都 冇得 選 就 比 蝗國 合併 左 先",0,16,9,0.5625,1
"196","Q275","隻隻曱甴戴曬豬咀，仲放催淚彈、胡椒噴霧同胡椒彈有鬼用咩，一於開始用橡膠子彈或實彈應付啦！","隻隻 曱甴 戴 曬 豬 咀 仲 放 催淚彈 胡椒噴霧 同 胡椒彈 有鬼 用咩 一於 開始 用 橡膠 子彈 或 實彈 應付 啦",1,14,8,0.571428571428571,1
"197","Q276","今日的確好唔理想以後一係一開始前要有共識打狗救人如果唔係就一係咪撚出去","今日 的確 好 唔理想 以後 一係 一開始 前 要有 共識 打 狗 救人 如果 唔係 就 一 係咪 撚 出去",1,17,8,0.470588235294118,1
"198","Q277","地產狗的偽術4月叫價: 600萬5月叫價: 800萬...10月叫價: 600 萬,   好慘呀 無陰公呀  跌左 25% 呀  你班死暴徒累死香港啦","地產 狗 的 偽術 月 叫價 萬 月 叫價 萬 月 叫價 萬 好慘 呀 無陰公 呀 跌左 呀 你班 死 暴徒 累死 香港 啦",1,17,6,0.352941176470588,1
"199","Q278","咪白痴囉， 同紅登班過氣垃圾一堆你地人地陳嘉倩同背後公關幾咁滿足連登仔要求佢就痴埋會出賣個人資料嘅早洩紅登區做雞","咪 白痴 囉 同 紅 登 班 過氣 垃圾 一堆 你地 人地 陳 嘉 倩 同 背後 公關 幾咁 滿足 連登 仔 要求 佢 就 痴埋 會 出賣 個人 資料 嘅 早洩 紅 登 區 做雞",0,17,12,0.705882352941177,1
"200","Q279","講得啱，咁鳩多規炬要大陸人跟？系咪痴鳩線？吾大小便俾你睇俾足面你啦，食屎啦架頭！又要賺人仔又要阿芝阿左！","講得啱 咁 鳩 多 規 炬 要 大陸人 跟 系咪 痴鳩線 吾 大小便 俾你睇 俾 足 面 你 啦 食屎 啦 架 頭 又要 賺 人仔 又要 阿 芝 阿 左",1,15,7,0.466666666666667,1
"201","Q28","唔知點解，香港甲甴多數弱智，佢老味禁嘅晶片只不過係用係手機上，所以華為頭痕","唔知 點解 香港 甲甴 多數 弱智 佢老味 禁 嘅 晶片 只不過 係 用 係 手 機上 所以 華為 頭痕",1,15,9,0.6,1
"202","Q280","其實點解成日會有衝突？好似小學生咁你過界？你啲垃圾掟左過黎？南北韓邊間都唔會成日有依啲衝突架？同埋點解會打交？唔係suppose應該有紀律架咩？如果係軍隊落order郁手，咁直頭係屬於宣戰？","其實 點解 成日 會有 衝突 好似 小學生 咁 你 過界 你 啲 垃圾 掟 左 過黎 南北韓 邊間 都 唔會 成日 有 依 啲 衝突 架 同埋 點解 會 打交 唔係 應該 有 紀律 架咩 如果 係 軍隊 落 郁手 咁 直頭 係 屬於 宣戰",0,16,6,0.375,0
"203","Q281","邊個同你講政府想抗疫 嗰啲咩fight the virus只係做下樣表面野派幾個臭錢 9整呀婆底褲連限聚令本身只不過用黎防集會國家安全大於一切","邊個 同你 講 政府 想 抗 疫 嗰啲 咩 只係 做下 樣 表面 野 派 幾個 臭 錢 整 呀婆 底褲 連 限 聚 令 本身 只不過 用黎 防 集會 國家 安全 大於 一切",0,17,5,0.294117647058824,1
"204","Q282","共匪搞事 》香港人敗走 〉新移民補上摺被軍都唔洗出就收復到香港 移民撚又贏","共匪 搞事 香港人 敗走 新移民 補上 摺 被 軍 都 唔洗出 就 收復 到 香港 移民 撚 又 贏",1,18,10,0.555555555555556,1
"205","Q283","中英談判, 鄧小平對戴卓爾女士說 :主權是不能談判的不排除這個期間發生意外的事情,","中英 談判 鄧小平 對 戴卓爾 女士 說 主權 是 不能 談判 的 不排除 這個 期間 發生 意外 的 事情",0,17,2,0.117647058823529,0
"206","Q284","睇見D暴徒破壞完紅隧回來，有一班人為他們歡呼，呢一個係乜嘢世界嚟㗎個心好唔開心，","睇見 暴徒 破壞 完 紅隧 回來 有 一班 人為 他們 歡呼 呢一個 係乜嘢 世界 嚟 <U+35CE> 個心 好唔開心",1,16,7,0.4375,1
"207","Q285","【票站消息】 #元朗 #元龍 選區， #張秀賢 擊敗 #經民聯 #王威信 及#周樂寧 當選","票站 消息 元朗 元龍 選區 張秀賢 擊敗 經民聯 王 威信 及 周 樂 寧 當選",0,15,3,0.2,0
"208","Q286","果d仲話要尊重專業道德,一定要救差佬的on9會員香港差狗屢次攻擊First Aider,,已經衰撚過中東國家","果 仲 話要 尊重 專業 道德 一定 要 救 差佬 的 會員 香港 差 狗 屢次 攻擊 已經 衰 撚 過 中東國家",1,15,7,0.466666666666667,1
"209","Q287","朋友講d 公仔麵 罐頭 米都冇哂即刻落樓下間超市睇 個貨架真係空哂睇黎手持午餐肉就有西屌既日子好快來臨","朋友 講 公仔麵 罐頭 米 都 冇哂 即刻 落樓 下間 超市 睇 個 貨架 真係 空 哂 睇黎 手持 午餐肉 就有 西屌既 日子 好快 來臨",1,15,4,0.266666666666667,1
"210","Q288","唔駛替靚女擔心，佢只要學識幾句標凖語句打發同反擊其他攻撃佢嘅耳猿就得架喇。","唔駛 替 靚女 擔心 佢 只要 學識 幾句 標凖 語句 打發 同 反擊 其他 攻撃 佢嘅 耳猿 就得 架喇",1,15,6,0.4,1
"211","Q289","睇到篇文啲人名已經知柒硬啦一個搞人類起源，一個搞考古講乜鳩病毒","睇到 篇文 啲 人名 已經 知 柒 硬 啦 一個 搞 人類 起源 一個 搞 考古 講 乜鳩 病毒",1,17,8,0.470588235294118,1
"212","Q29","佢地會以為熱狗係泛民(好認真) 真係問過。泰仔?泰仔泛民嚟㗎喎","佢地 會 以為 熱狗 係 泛民 好認真 真係 問過 泰仔 泰仔 泛民 嚟 <U+35CE> 喎",0,20,7,0.35,1
"213","Q290","呢個時候搞林鄭只會添亂講話support只係手段而已林鄭依家乜都唔洗做只需要聽阿爺說話就可以了","呢個 時候 搞 林鄭 只會 添亂 講話 只係 手段 而已 林鄭 依家 乜都 唔洗做 只 需要 聽 阿爺 說話 就 可以 了",0,17,7,0.411764705882353,0
"214","Q291","roadshow 又執，有線又dying，之前裝落成渣mon 要黎做乜:o","又 執 有線 又 之前 裝 落成 渣 要 黎做乜",0,18,5,0.277777777777778,0
"215","Q292","你唔好低能以為間間酒店只有內地客... 係.. 內地客係唔少.. 但唔代表無其他國家客... 而家係機場事件... 周街示威衝突令佢地唔敢黎...","你 唔 好低能 以為 間間 酒店 只有 內地客 係 內地客 係 唔少 但唔代表 無 其他 國家 客 而家 係 機場 事件 周街 示威 衝突 令 佢地 唔敢 黎",0,17,3,0.176470588235294,0
"216","Q293","大家要明白機場散水都要兩個鐘頭！ 一定唔可以最後個1分鐘先散水！！","大家 要 明白 機場 散水 都要 兩個 鐘頭 一定 唔可以 最後 個 分鐘 先 散水",0,18,1,0.0555555555555556,0
"217","Q294","有些神棍騙d女人性交辟邪或轉運，咁都有咁多人信，不要高估d市民智慧，有些學棍政棍話國教會洗腦，居然有班學生和家長會信，政府當然不能高估d家長和學生智慧，所以慢慢推國教，唔係唔推，只係慢慢推","有些 神棍 騙 女人 性交 辟邪 或 轉運 咁都 有咁 多人 信 不要 高估 市民 智慧 有些 學棍 政棍 話 國 教會 洗腦 居然 有 班 學生 和 家長會 信 政府 當然 不能 高估 家 長和 學生 智慧 所以 慢慢 推 國教 唔係 唔 推 只係 慢慢 推",1,17,7,0.411764705882353,1
"218","Q295","唔緊要嫁聽日我地一齊再出去好冇?一次唔得兩次 兩次唔得三次咁做冇效果嘅我地就大第二樣但證實冇效果之前我地都要堅持!!!","唔緊要 嫁 聽日 我地 一齊 再 出去 好冇 一次 唔得 兩次 兩次 唔得 三 次 咁做 冇 效果 嘅 我地 就 大 第二樣 但 證實 冇 效果 之前 我地 都 要堅持",0,18,2,0.111111111111111,0
"219","Q296","香港有班垃圾，以前以為自己好叻，最後發現自己原來係垃圾，第一時間會話係其他人既錯，拒絕改變，最後抑鬱","香港 有 班 垃圾 以前 以為 自己 好叻 最後 發現 自己 原來 係 垃圾 第一時間 會 話係 其他人 既 錯 拒絕 改變 最後 抑鬱",0,16,6,0.375,0
"220","Q297","係呀 讀書不是唯一出路有人迫他們去做邊青嗎?你有看內容再回覆別人的討論嗎?那他們慢慢怪政棍吧,怪到天荒地老可能有出路的","係呀 讀書 不是 唯一 出路 有人 迫 他們 去做 邊 青 嗎 你 有 看 內容 再 回覆 別人 的 討論 嗎 那 他們 慢慢 怪 政棍 吧 怪 到 天荒地老 可能 有 出路 的",1,16,6,0.375,1
"221","Q298","==================好易理解冇家教嘅雌雄動物唔清唔楚咁將白知嘅海鮮凳咗出嚟咪產生咗咁嘅問題囉一個唔覺意仲曉得對號添:","好易 理解 冇家教 嘅 雌雄 動物 唔清唔楚 咁 將 白 知 嘅 海鮮 凳 咗 出嚟 咪 產 生咗 咁嘅 問題 囉 一個 唔覺意 仲 曉得 對號 添",1,15,8,0.533333333333333,0
"222","Q299","【反送中過後】屌你老味!!! 下星期就係《國歌法》二讀嘞....","反 送 中 過後 屌 你老味 下 星期 就係 國歌法 二讀 嘞 分享 自 討論區",1,17,6,0.352941176470588,1
"223","Q3","郭文貴話五毛好駛好用好幫得手, 佢申請美國政治庇護咁快獲批, 五毛的舉證實在功不可沒, 同時証明中共有幾害怕佢爆料.反觀呢度得個小貓幾隻交行貨, 証明西環眼中戴先生冇乜料到.","郭文貴 話 五毛 好駛 好 用好 幫 得手 佢 申請 美國 政治 庇護 咁快 獲批 五毛 的 舉證 實在 功不可沒 同時 証明 中 共有 幾 害怕 佢 爆料 反觀 呢度 得個 小貓 幾 隻 交 行貨 証明 西環 眼中 戴 先生 冇乜 料到",1,15,6,0.4,1
"224","Q30","點解你所講既黑警到而家我仲未見到。幾時有黑警揾我 我好期待嗰日 等我可以加入你地陣營都有藉口","點解 你 所 講既 黑警 到 而家 我 仲未 見到 幾時 有 黑警 揾 我 我 好期待 嗰日 等我 可以 加入 你地 陣營 都有 藉口",1,14,5,0.357142857142857,1
"225","Q300","武漢肺炎朋友圈炸裂山東壽光姐通過市長熱線怒懟武漢市長強烈質問：為什麼我們捐贈的蔬菜被出售？","武漢 肺炎 朋友圈 炸裂 山東 壽 光 姐 通過 市長 熱線 怒 懟 武漢 市長 強烈 質問 為什麼 我們 捐贈 的 蔬菜 被 出售",0,18,3,0.166666666666667,0
"226","Q301","香港多數得做官，高級黑警，金融撚同呃人sales 啲人工叫見得下人","香港 多數 得 做官 高級 黑警 金融 撚 同 呃人 啲 人工 叫 見得 下人",1,15,10,0.666666666666667,1
"227","Q302","無問題 繼續裝修因為學呀叻話齋 「我吾知 我睇吾到 吾關我事」申利識打「唔」字","無問題 繼續 裝修 因為 學 呀 叻 話齋 我 吾知 我 睇 吾到 吾關 我 事 申 利 識 打 唔 字",0,16,6,0.375,0
"228","Q303","總知, 打手覺得, 煙仔何爆cy野就得其他人, 包括梁, 爆唐狗曾特狗野, 理得佢係咪自己認, 就係抺黑市民全部係死, 亦都無眼睇的","總知 打手 覺得 煙仔 何 爆 野 就得 其他人 包括 梁 爆 唐狗 曾特狗 野 理得佢 係咪 自己 認 就係 抺黑 市民 全部 係 死 亦都 無眼 睇的",1,17,8,0.470588235294118,1
"229","Q304","鐵/鋁/銅...金屬製品咩唔可以回收循環再用嗎? 用鐵盒裝叫唔環保???:慳錢接受 , 環保成效...真係有咩?","鐵 鋁 銅 金屬 製品 咩 唔可以 回收 循環 再 用嗎 用 鐵 盒裝 叫 唔環保 慳錢 接受 環保 成效 真係 有咩",0,17,3,0.176470588235294,0
"230","Q305","政府又強行要成立D咩局嘜局, 浪費公帑養班垃圾.咪又係好似以前果D同科技有關既野咁利益輸送:","政府 又 強行 要 成立 咩 局 嘜 局 浪費公帑 養 班 垃圾 咪 又係 好似 以前 果 同 科技 有關 既野 咁 利益輸送",0,14,5,0.357142857142857,0
"231","Q306","馮生用字好小心，用“交往”，“dealing”，可以是商業往來。","馮生 用字 好小心 用 交往 可以 是 商業 往來",0,17,2,0.117647058823529,0
"232","Q307","汽車廢氣嘅有害物質比二手煙重多:fst_002:汽車廢氣含一氧化碳、氮氧化合物、碳氫化合物、鉛、二氧化硫重有苯，出街就係危險，搬去大森林住啦","汽車 廢氣 嘅 有害 物質 比 二手煙 重 多 汽車 廢氣 含 一氧化碳 氮氧 化合物 碳氫化合物 鉛 二氧化硫 重有 苯 出街 就係 危險 搬去 大 森林 住 啦",0,17,9,0.529411764705882,0
"233","Q308","咁正義你唔吊9你屋企果2個毛毛,佢地有份撐tbb架 :lol :lol :lol ; 不過你有拮屎先算, 費事一陣斷你糧餉就喊都無謂, 繼續做你嘅鍵盤戰士好過啦","咁 正義 你 唔 吊 你 屋企 果 個 毛毛 佢地 有份 撐 架 不過 你 有 拮 屎 先算 費事 一陣 斷 你 糧餉 就 喊 都 無謂 繼續 做 你嘅 鍵盤戰士 好過 啦",0,17,8,0.470588235294118,1
"234","Q309","其實我想講... 比一把你都唔係咁易射中人, 係要經過訓練先知點用","其實 我 想講 比 一把 你 都 唔係 咁易 射 中人 係要 經過 訓練 先知 點用",0,18,4,0.222222222222222,0
"235","Q31","孫悟空72變，變來變去都係暴徒張飛大鬧長阪坡,人少少都攪到你風煙四起扮人多終於係爭取民主自由嘅耳屎上面見識到什麼叫寶藥黨，街頭騙案同做煤.","孫悟空 變 變來變去 都係 暴徒 張飛 大鬧 長阪坡 人 少少 都 攪到 你 風 煙 四 起 扮 人多 終於 係 爭取 民主 自由 嘅 耳屎 上面 見識到 什麼 叫 寶藥黨 街頭 騙案 同 做 煤",1,13,6,0.461538461538462,1
"236","Q310","呢班零分已完都幾岸久，佢地知唔知地區議會職權去到邊？咁能鍾意越權，做左垃圾會已完再講啦！","呢班 零 分 已完 都 幾 岸 久 佢地 知唔知 地 區議會 職權 去到邊 咁 能 鍾意 越權 做左 垃圾 會 已完 再講 啦",1,13,8,0.615384615384615,1
"237","Q311","你哋老豆老母死都無喊和流淚?你講緊你自己呀?定還是講緊你d同類?","你哋 老豆老母 死 都 無喊 和 流淚 你 講緊你 自己 呀 定 還是 講緊你 同類",0,18,12,0.666666666666667,0
"238","Q312","係中資Starbucks 飲緊朱古力，睇住班黑人走黎走去。「港豬的生活，往往就是這麼樸實無華，且枯燥」","係 中資 飲緊 朱古力 睇住 班 黑人 走黎 走去 港豬 的 生活 往往 就是 這麼 樸實無華 且 枯燥",1,18,7,0.388888888888889,1
"239","Q313","班曱甴日日口講""民主, 自由, 人權"", 其實正正係摧毀香港民主, 自由, 人權嘅兇手。:@","班 曱甴 日日 口講 民主 自由 人權 其實 正 正係 摧毀 香港 民主 自由 人權 嘅 兇手",1,17,11,0.647058823529412,1
"240","Q314","犯民其實幫緊CY連任，佢地口是心非，口話爭取民主，但行就獨裁。","犯民 其實 幫緊 連任 佢地 口是心非 口話 爭取 民主 但 行 就 獨裁",1,16,5,0.3125,1
"241","Q315","可唔可能九龍港島都搞，住港島就去港島，住九龍就去九龍，形勢不妙就轉場，又有路過藍絲做cover","可 唔可能 九龍 港島 都 搞 住 港島 就去 港島 住 九龍 就去 九龍 形勢 不妙 就 轉場 又有 路過 藍絲 做",1,16,6,0.375,1
"242","Q316","我希望見到大家係仲會行動 做返啲和理非都可以做嘅事你每一次痴幾張 其他文宣寶寶就可以減輕啲負擔大家都幫下推下  真係好需要大家嘅幫手","我 希望 見到 大家 係 仲會 行動 做返 啲 和 理非 都 可以 做 嘅 事 你 每一次 痴 幾張 其他 文宣 寶寶 就 可以 減輕 啲 負擔 大家 都 幫下 推下 真係 好 需要 大家 嘅 幫手",0,17,3,0.176470588235294,0
"243","Q317","就算唔係我咁諗又點，條女遲遲唔肯報警，一定身有屎，如果真係警察做，班泛民漢奸，人妖，曱甴黃媒仲唔大造文章！","就算 唔係 我 咁諗 又點 條女 遲遲 唔肯 報警 一定 身有屎 如果 真係 警察 做 班 泛民 漢奸 人妖 曱甴 黃媒 仲唔 大造文章",1,16,10,0.625,1
"244","Q318","嗰日佢地唔係阻人，係唔俾人入，成班痞街廢物幾惡，如果有班傳媒係度，打人都得。今日攞張紙寫幾個字就叫道歉，要道歉就成班廢柴跪係稅局門口，咁先叫做有誠意。","嗰日 佢地 唔係 阻 人 係 唔俾人 入 成班 痞 街 廢物 幾 惡 如果 有 班傳媒 係度 打人 都得 今日 攞 張 紙 寫 幾個 字 就 叫 道歉 要 道歉 就 成班 廢柴 跪 係 稅局 門口 咁 先 叫做 有誠意",1,17,6,0.352941176470588,1
"245","Q319","犯民真係無惡不作~又炒人滅聲一言堂，唱歌要喊洗細露仔腦，黑金收受貪污議員，仇富批鬥地主「港共犯民」","犯民 真係 無惡不作 又 炒人 滅聲 一言堂 唱歌 要 喊 洗 細露 仔 腦 黑金 收受 貪污 議員 仇富 批 鬥地主 港共 犯民",1,17,9,0.529411764705882,1
"246","Q32","就算藍絲真係如此，同普通上班族一樣之嘛，個個上班族都係老闆支持就是對，老闆反對就是錯啦。唔通黃絲未上過班？？:","就算 藍絲 真係 如此 同 普通 上班族 一樣 之嘛 個個 上班族 都係 老闆 支持 就是 對 老闆 反對 就是 錯 啦 唔通 黃絲 未 上過 班",0,15,5,0.333333333333333,0
"247","Q320","因為其他版本無講明首歌名,全部都係得張學友張相,怕大家唔知首歌既名","因為 其他 版本 無 講明 首 歌名 全部 都係 得 張學友 張相 怕 大家 唔知 首 歌 既 名",0,15,2,0.133333333333333,0
"248","Q321","聖經是“教育”而不是“歷史”，學習要點是“誰清白誰先扔石頭”。:","聖經 是 教育 而不是 歷史 學習 要點 是 誰 清白 誰 先 扔 石頭",0,17,2,0.117647058823529,0
"249","Q322","鄉土毛賊,奶共畜又在偷換概念,顛倒是非黑白.今時今日,曱甴黑警去到全港十八區,有邊處唔係比街坊屌爆收皮.","鄉土 毛賊 奶共 畜 又 在 偷換 概念 顛倒 是非黑白 今時今日 曱甴 黑警 去到 全港 十 八 區 有 邊處 唔係 比 街坊 屌 爆 收皮",1,18,11,0.611111111111111,1
"250","Q323","如果keep住咁多人去投票 去到10點半都未投完 要諗方法俾夜晚排個班去投埋先夜晚個班都係唔小係放工人士 放得工仲去既都小左係廢老同蛇齋餅糭既機會 要俾佢地投埋先好完","如果 咁 多人 去 投票 去到 點 半 都未 投完 要 諗 方法 俾 夜晚 排 個班 去 投 埋 先 夜晚 個班 都係 唔 小 係 放工 人士 放得 工 仲 去 既 都 小 左係 廢 老同 蛇 齋 餅 糭 既 機會 要俾 佢地 投 埋 先好 完",1,17,4,0.235294117647059,1
"251","Q324","安倍唔係唔知大把人妻拍AV下嘛？呢排佢開會唔返屋企食飯打比佢老婆，佢老婆電話梗係無人接…咁都扮唔知？","安倍 唔係 唔知 大把 人妻 拍 下 嘛 呢排 佢 開會 唔 返屋企 食飯 打比佢 老婆 佢 老婆 電話 梗係 無人 接 咁都 扮 唔知",0,18,12,0.666666666666667,0
"252","Q325","我係講緊個位師兄的假設, 如果佢地兩仔爺夾埋比假口供, 咁個老豆贏左, 佢個仔咪可能要上身咯, 咁咪無用咯,如果個老豆輸咪一樣無用啦,","我 係 講緊 個位 師兄 的 假設 如果 佢地 兩仔爺 夾埋 比 假口供 咁 個 老豆 贏左 佢 個仔 咪 可能 要 上身 咯 咁咪 無用 咯 如 果個 老豆 輸 咪 一樣 無用 啦",0,17,5,0.294117647058824,0
"253","Q326","除左死左既人,否則咩義士都好,俾人捉左一定為求自保爆其他人出黎,呢個就係人性","除左 死左 既 人 否則 咩 義士 都好 俾人 捉左 一定 為求 自保 爆 其他人 出黎 呢個 就係 人性",0,16,8,0.5,0
"254","Q327","除左link仲可以唔好晒左連登有得highlight然後google搜尋fc嘅功能","除左 仲 可以 唔 好晒 左 連登 有得 然後 搜尋 嘅 功能",0,15,3,0.2,0
"255","Q328","葉國謙葉劉淑儀，你太年輕了。你以為這場反送中運動上真的有隱形、非常精密嘅大佬嗎？其實都是我一個人幹的，不然我再換個ID發同樣的話給你看。","葉國謙 葉劉淑儀 你 太年輕 了 你 以為 這場 反 送 中 運動 上 真的 有 隱形 非常 精密 嘅 大佬 嗎 其實 都是 我 一 個人 幹 的 不然 我 再 換個 發 同樣 的話 給你 看",0,16,5,0.3125,0
"256","Q329","【街坊目擊】‼️克警護送施襲者離開‼️片段中00:52 可見施襲者由克警護送離開，並無如對被襲者般困於封鎖線並帶返警署。","街坊 目擊 <U+FE0F> 克 警 護送 施襲者 離開 <U+FE0F> 片段 中 可見 施襲者 由 克 警 護送 離開 並無 如 對 被襲 者 般 困於 封鎖線 並 帶返 警署",1,17,3,0.176470588235294,1
"257","Q33","唔係話唔畀得但死線set 12月會唔會太耐到時啲手足畀人拉曬喇","唔係話 唔畀 得 但 死線 月 會 唔會 太耐 到時 啲 手足 畀人 拉 曬喇",0,13,3,0.230769230769231,0
"258","Q330","嗯嗯 無錯 亞視係電視台既毒瘤 嚴格黎講都唔算係電視台 只係一部宣傳機","嗯嗯 無錯 亞視 係 電視台 既 毒瘤 嚴格 黎講 都 唔 算係 電視台 只係 一 部 宣傳 機",0,16,4,0.25,0
"259","Q331","香港人死性不改，搞革命同獨立都要即食。大佬同條女卜野，都要經歷個拖吓手仔，鍚吓面仔，再打車輪之再上床，再有前戲，吊而家一野就要卜野！！","香港人 死性不改 搞 革命 同 獨立 都要 即食 大佬 同 條女 卜野 都要 經歷 個 拖 吓 手仔 鍚 吓 面 仔 再 打車輪 之 再 上床 再有 前戲 吊 而家 一野 就要 卜野",0,18,11,0.611111111111111,1
"260","Q332","林鄭毒娥垃圾政苦私相受受，明益工聯會。麥美娟條八婆仲要話口罩送俾團體唔收錢咁撚多嘢講，冚家鏟。","林鄭 毒 娥 垃圾 政 苦 私 相 受 受 明 益 工聯會 麥美娟 條 八婆 仲 要話 口罩 送 俾 團體 唔收錢 咁撚多 嘢 講 冚家鏟",1,18,10,0.555555555555556,1
"261","Q333","應該要看精神科醫生就岩, 你怕比人拉, 做乜要過大陸入境關卡, 正如你過深圳灣口岸犯法就有權拉鳩你","應該 要看 精神科 醫生 就 岩 你 怕 比人 拉 做乜 要 過大陸 入境 關卡 正如 你 過 深圳灣 口岸 犯法 就 有權 拉 鳩 你",1,15,8,0.533333333333333,1
"262","Q334","食君之祿，忠君之事；老一輩努力工作，認真生活，女人最鍾意:lol廢青唔明白點解女神鍾意中佬，以為女神愛財；不知中佬唔止有錢，更有好多值得喜歡既特質","食 君之 祿 忠 君之 事 老一輩 努力 工作 認真 生活 女人 最鍾意 廢青 唔明白 點解 女神 鍾 意中 佬 以為 女神 愛財 不知 中 佬 唔止 有錢 更有 好多 值得 喜歡 既 特質",1,16,4,0.25,1
"263","Q335","政府寬免商戶水電排污費竟然包埋支持暴亂既曱甴店又係自己捉蟲入屎忽d官真係幫唔落:","政府 寬免 商戶 水電 排污費 竟然 包埋 支持 暴亂 既 曱甴 店 又係 自己 捉蟲 入 屎忽 官 真係 幫唔落",1,16,9,0.5625,1
"264","Q336","由612到今日，有邊一次我地面對嘅唔係一班全副武裝、喪心病狂對我地用致命武力嘅黑警。今次淨係對住班著白色衫嘅老黑、牛屎佬我地要驚？","由 到 今日 有 邊 一次 我地 面對 嘅 唔係 一班 全副武裝 喪 心病 狂 對 我地 用 致命 武力 嘅 黑警 今次 淨係 對住 班 著 白色衫 嘅 老 黑 牛屎佬 我地 要 驚",1,16,7,0.4375,1
"265","Q337","添馬公園下午一點至五點止暴制亂，救香港，救下一代，香港人，需要你","添 馬 公園 下午 一點 至 五 點止 暴 制 亂 救 香港 救 下一代 香港人 需要 你",0,13,2,0.153846153846154,0
"266","Q338","又屌呢啲人，日日就係私怨。敵人就唔撚理，自己人俾人強姦都係屌自己人先。","又 屌 呢啲人 日日 就係 私怨 敵人 就 唔撚 理 自己人 俾人 強姦 都係 屌 自己人 先",1,16,6,0.375,1
"267","Q339","黃絲廢青廢人無腦無思，那麼樓主??????，不用講得太白啦，講得太白，叫樓主情何以堪????","黃絲 廢青 廢人 無腦 無 思 那麼 樓主 不用 講得 太 白 啦 講得 太 白 叫 樓主 情何以堪",1,18,11,0.611111111111111,1
"268","Q34","廢青點諗唔知，起碼在社會工作左幾年以上的，有些少閱歷的，大都認同CY的工作．","廢青 點諗 唔知 起碼 在 社會 工作 左 幾年 以上 的 有 些少 閱歷 的 大都 認同 的 工作",1,18,6,0.333333333333333,1
"269","Q340","而家死曱甴用手足策略：根本就算直接火魔都唔會割你睇七十歲阿伯死左全世界都覺得唔抵可憐","而家 死 曱甴 用 手足 策略 根本 就算 直 接火 魔 都 唔會 割 你 睇 七 十 歲 阿伯 死左 全世界 都 覺得 唔抵 可憐",1,15,11,0.733333333333333,1
"270","Q341","其實我地要既唔係回應(Respond)我地係要政府執行五大訴求","其實 我地 要 既 唔係 回應 我地 係要 政府 執行 五大訴求",0,15,4,0.266666666666667,0
"271","Q342","如果話phone in係講明係話劇節目就算但包裝為時事評論，而只是得一方立場，呢個電台節目和及後呢個電臺，不應被發電台牌照壽終正寢！","如果 話 係 講明 係 話劇 節目 就算 但 包裝 為 時事 評論 而 只是 得 一方 立場 呢個 電台節目 和 及後 呢個 電 臺 不應 被 發 電台 牌照 壽終正寢",0,16,5,0.3125,0
"272","Q343",":lol蔡英文不如叫佢地放棄中華人民共和國居民身份啦～王丹呢個屎忽鬼有冇放棄？？？","蔡英文 不如 叫 佢地 放棄 中華人民共和國 居民 身份 啦 王丹 呢個 屎忽鬼 有冇 放棄",1,16,8,0.5,1
"273","Q344","大快人心.佢本人仲以為佢做既所作所為全世界都認同佢.點知又一次柒出國際:","大快人心 佢 本人 仲 以為 佢做 既 所作所為 全世界 都 認 同佢 點知 又 一次 柒出國際",1,17,5,0.294117647058824,1
"274","Q345","開會D人心諗:林鄭個仆街搞到一堆屎出黎要我地日日執 , DLLM","開會 人 心諗 林鄭 個 仆街 搞到 一堆 屎 出黎 要 我地 日日 執",1,16,8,0.5,1
"275","Q346","我就換唔到喇,聽講話一早俾人換哂仲要係全線換罄,有冇咁快???: 你地又換唔換到呀???","我 就 換 唔 到喇 聽講話 一早 俾人 換哂 仲要 係 全線 換 罄 有 冇咁快 你地 又 換 唔換 到 呀",0,16,2,0.125,0
"276","Q347","大家諗下點解，國際學校、私家醫院，半山馬己仙峽道，連垃圾流膿貼紙都冇有＄人唔buy，已警告幕後漢奸","大家 諗下 點解 國際 學校 私家醫院 半山 馬己仙峽道 連 垃圾 流膿 貼紙 都 冇有 人 唔buy 已 警告 幕後 漢奸",0,16,8,0.5,0
"277","Q348","三、這將台灣安放在中國的司法觀念之內，在法理上妨礙台灣獨立。雖然只是香港一廂情願通過，但也會妨礙國際法理，而且方便一國兩制將來在台灣實現。","三 這 將 台灣 安 放在 中國 的 司法 觀念 之內 在 法理 上 妨礙 台灣獨立 雖然 只是 香港 一廂情願 通過 但 也會 妨礙 國際 法理 而且 方便 一國兩制 將來 在 台灣 實現",0,16,1,0.0625,0
"278","Q349","單單第5點就KO好多偽民主人士.如果民主係好, 但點解只得少數.","單單 第 點 就 好多 偽 民主人士 如果 民主 係 好 但 點解 只得 少數",0,14,0,0,0
"279","Q35","既然本人並不嚮往用信用卡，看來也可主動註銷了。#林鄭月娥 #CarrieLam哭撚咗","既然 本人 並不 嚮往 用信用卡 看來 也 可 主動 註銷 了 林鄭月娥 哭 撚 咗",1,19,5,0.263157894736842,1
"280","Q350","香港一日有港獨法官/律師/教師/記者/政黨/議員/地產霸權/毒果/妖TV等等…… 香港50年不變港人治港權利只會越來越被中央收回，禍害真港人福祉和自由生活。","香港 一日 有 港獨 法官 律師 教師 記者 政黨 議員 地產霸權 毒果 妖 等等 香港 港人治港 權利 只會 越來越 被中央 收回 禍害 真 港人 福祉 和 自由 生活",0,17,7,0.411764705882353,0
"281","Q351","賭賭賭，日日到黑都掛住賭，又話曱甴攪到冇飯開，到而家嗰日有人出頭反班曱甴，你又係度掛住賭。。","賭 賭 賭 日 <U+F4CF> 日 到 黑 都 掛住 賭 又話 曱甴 攪到 冇 飯 開 到 而家 嗰日 有人 出頭 反 班 曱甴 你 又 係度 掛住 賭",1,18,9,0.5,1
"282","Q352","當年英國佬令到香港人民生活安定，民生安穩，自然無反坑既心，宜家政府政策傾斜大陸人，搞亂香港，人民生活艱難同埋英國佬鎮壓最嚴重就係六七暴動，工聯會左狗殺人放火，人見人憎，全港市民都支持鎮壓","當年 英國佬 令到 香港 人民 生活 安定 民生 安穩 自然 無 反 坑 既 心 宜家 政府 政策 傾斜 大陸人 搞亂 香港 人民 生活 艱難 同埋 英國佬 鎮壓 最嚴重 就係 六七暴動 工聯會 左 狗 殺人放火 人見人憎 全港 市民 都 支持 鎮壓",1,16,7,0.4375,1
"283","Q353","每年更新指引再掠水..冇錢既就逼你離境...二百幻人,每年收兩萬,大陰蒂國每年多400億收入...:lol:lol:","每年 更新 指引 再 掠水 冇錢 既 就 逼 你 離境 二百 幻 人 每年 收 兩 萬 大陰蒂國 每年 多 億 收入",0,17,8,0.470588235294118,1
"284","Q354","agree.k弟講過因為大部份發達國家系行緊西方嘅民主制，所以中國應該都實行民主制。可惜k弟唔記得咗大部份落後國家都系實行民主制嘅事實。樓主嘅邏輯同k弟講嘅一樣咁膠。","弟 講過 因為 大部份 發達 國家 系 行緊 西方 嘅 民主制 所以 中國 應該 都 實行 民主制 可惜 弟 唔記得咗 大部份 落後 國家 都系 實行 民主制 嘅 事實 樓主 嘅 邏輯 同 弟 講嘅 一樣 咁膠",0,15,2,0.133333333333333,1
"285","Q355","借位推post [膊頭有花入]大家應該調轉分析下，林鄭撤回將會係我地connect對家既最好時機-","借 位 推 膊頭 有 花 入 大家 應該 調轉 分析下 林鄭 撤回 將會 係 我地 對家 既 最 好時機 分享 自 討論區",0,17,4,0.235294117647059,0
"286","Q356","同意，曱甴破壞地鐵，交通設施，商鋪，打市民，警察都唔拉哂佢地，好明顯警隊內部有黑警勾結暴徒，真係要依法捉哂班無間道出黎:","同意 曱甴 破壞 地鐵 交通 設施 商鋪 打 市民 警察 都 唔拉 哂 佢地 好明顯 警隊 內部 有 黑警 勾結 暴徒 真 係要 依法 捉 哂 班 無間道 出黎",1,17,10,0.588235294117647,1
"287","Q357","支共諗住拉埋新加坡入佢地極權陣營睇下佢地係咪仲想食兩家茶禮踩香港多一腳如果香港捱得過今次呢關 坡狗又站錯隊到西方要賞善罰惡 清算埋坡狗就好笑","支共 諗住 拉埋 新加坡 入 佢地 極權 陣營 睇下 佢地 係咪 仲想 食 兩家 茶禮 踩 香港 多 一腳 如果 香港 捱得過 今次 呢 關 坡狗 又 站 錯 隊到 西方 要 賞善罰惡 清算 埋 坡狗 就 好笑",1,16,11,0.6875,1
"288","Q358","宜家嘜柒嘢新聞　事無大小都要圍住『國安法　黑暴　黃C　藍C　黑警　狗官』","宜家 嘜 柒 嘢 新聞  事無大小 都要 圍住 國安法  黑暴  黃c  藍  黑警  狗官",1,17,4,0.235294117647059,1
"289","Q359","點解黃C冇人去同意我？黑警又衰，港共政權又衰，又水深火熱。咁，最理想係解散政府並及 遣散曬所有公務員。","點解 黃c 冇人 去 同意 我 黑警 又 衰 港共 政權 又 衰 又 水深火熱 咁 最理想 係 解散 政府 並及 遣散 曬 所有 公務員",1,15,7,0.466666666666667,1
"290","Q36","所以共奴唔准用能源，上山斬柴自食其力自生自滅。講少句唔好再搞串個局己經好幫忙。同美帝鬥？中共如果咁強大就唔會咁多高官移民美國啦。","所以 共奴 唔准 用 能源 上山 斬柴 自食其力 自生自滅 講少句 唔好 再 搞串 個 局 己經 好 幫忙 同 美帝 鬥 中共 如果 咁 強大 就 唔會 咁多 高官 移民 美國 啦",1,12,3,0.25,1
"291","Q360","露晒餡啦就憑佢報警 仲話香港係法治社會就知佢人定鬼啦 仲討論咁多做麥柒","露 晒 餡 啦 就憑佢 報警 仲話 香港 係 法治 社會 就知 佢 人 定 鬼 啦 仲 討論 咁 多做 麥 柒",1,17,11,0.647058823529412,1
"292","Q361","都做了一年戲，明眼人都看穿你們自導自演的把戲！每次上電視丶電台受訪的臨時演員丶目的就是要毀滅我們的工作，想餓死市民，總之犯民這些人收到的任務就是要破壞香港！","都 做了 一年 戲 明眼人 都 看穿 你們 自導自演 的 把戲 每次 上電視 丶 電台 受訪 的 臨時 演員 丶 目的 就 是要 毀滅 我們 的 工作 想 餓死 市民 總之 犯民 這些人 收到 的 任務 就 是要 破壞 香港",1,18,8,0.444444444444444,1
"293","Q362","只要將條友交俾D狗唔俾佢再打人既然佢點處理我地理唔到就唔好撚理繼續行or散","只 要將 條友 交俾 狗 唔俾佢 再 打人 既然 佢 點處理 我 地理 唔到 就 唔 好撚 理 繼續 行 散",1,17,9,0.529411764705882,1
"294","Q363","屌你得台灣先有國民黨？知唔知大陸都有國民黨地下黨派以前嘅殘餘實力，嗰陣隨時準備反共復國","屌你 得 台灣 先有 國民黨 知唔知 大陸 都有 國民黨 地下 黨派 以前 嘅 殘餘 實力 嗰陣 隨時 準備 反共復國",1,17,12,0.705882352941177,1
"295","Q364","哈～哈～為數不多登陸部隊，你知唔知強國有幾多軍人…還有潛艇一開炮，佢唔洗旨意走得甩，反潛艦，反潛機…等肯定炸到佢開花","哈 哈 為數不多 登陸 部隊 你 知唔知 強 國有 幾多 軍人 還有 潛艇 一 開炮 佢 唔洗 旨意 走得 甩 反 潛艦 反潛 機 等 肯定 炸 到 佢 開花",0,15,6,0.4,0
"296","Q365","呆蛙話有聞煮，但點解個腫桶可以咁毒材？民不聊生、生不如死，日日陳抗，慘！","呆 蛙 話 有 聞 煮 但 點解 個 腫桶 可以 咁毒 材 民不聊生 生不如死 日日 陳 抗 慘",1,16,5,0.3125,1
"297","Q366","我就係覺得睇完好似怪怪哋好似唔係好關我事所以就諗住會唔會係我理解錯","我 就係 覺得 睇完 好似 怪怪 哋 好似 唔係 好 關 我 事 所以 就 諗住 會 唔會 係 我 理解 錯",0,14,3,0.214285714285714,0
"298","Q367","鬼佬就係自大，覺得中國一定要同佢做生意，有尾國總統射住邊個唔比面，可惜跟著個傻佬:","鬼佬 就係 自大 覺得 中國 一定 要 同佢 做生意 有 尾國 總統 射 住 邊個 唔 比面 可惜 跟著 個 傻佬",0,17,8,0.470588235294118,1
"299","Q368","【新增內容：中國駐英大使館聲明、中央電視台聲明】一名戴記者證女子，在伯明翰、由英國保守黨舉行的香港座談會...","新增 內容 中國 駐 英 大使館 聲明 中央電視台 聲明 一名 戴 記者證 女子 在 伯明翰 由 英國 保守黨 舉行 的 香港 座談會",0,15,5,0.333333333333333,0
"300","Q369","Marvel帶來好多期待及驚喜，好影響對美國漫畫發展Rest in peace","帶來 好多 期待 及 驚喜 好影響 對 美國 漫畫 發展",0,16,3,0.1875,0
"301","Q37","如果係「中國式任務法官」會有咁多罪名不成立？- 分享自 LIHKG 討論區速報 赴湯蹈火 暴動所有不成立- 分享自 LIHKG 討論區#1001黃大仙 #暴動 罪名不成立- 分享自 LIHKG 討論區","如果 係 中國式 任務 法官 會有 咁多 罪名 不成立 分享 自 討論區 速 報 赴湯蹈火 暴動 所有 不成立 分享 自 討論區 黃大仙 暴動 罪名 不成立 分享 自 討論區",0,22,9,0.409090909090909,0
"302","Q370","比我打到扒街,仲塞左條蕉入佢屎忽,我教訓緊佢,下一個就係vicky","比我 打到 扒街 仲 塞左 條 蕉 入 佢 屎忽 我 教 訓緊 佢 下一個 就係",1,15,11,0.733333333333333,1
"303","Q371","屌你以為你被人塔咗下次小心啲喇我第一次跳跳到chok親巨龍添啦仆街好小事啫","屌你 以為 你 被 人 塔 咗 下次 小心啲 喇 我 第一次 跳 跳 到 親 巨龍 添 啦 仆街 好小事 啫",1,16,11,0.6875,1
"304","Q372","點止700萬+1，7000萬+1都得啦，反正講下就有人信。200萬人上街，其實同美國佬登月一樣，客觀技術係支持唔到，只係睇你想定唔想去信","點止 萬 萬 都 得啦 反正 講下 就 有人 信 萬 人 上街 其實 同 美國佬 登月 一樣 客觀 技術 係 支持 唔到 只係 睇你 想 定 唔想 去信",0,17,6,0.352941176470588,0
"305","Q373","東方人傳統一向有自食其力積谷防飢態度, 不過漸漸受西方思想洗腦啫","東方 人 傳統 一向 有 自食其力 積 谷 防 飢 態度 不過 漸漸 受 西方 思想 洗腦 啫",0,17,1,0.0588235294117647,0
"306","Q374","咪講左要政府實驗室check功率囉 一路係佢自己唔撚出院訓夠48個鐘咋喎","咪講左 要 政府 實驗室 功率 囉 一路 係 佢 自己 唔撚 出院 訓 夠 個 鐘 咋 喎",1,18,8,0.444444444444444,1
"307","Q375","要先有個黑衫男又係度左膠，口罩又唔戴黑衫女冇戴口罩又道歉，on撚9全部左膠撚唔戴口罩都驚，唔知係咪鬼黎","要 先 有個 黑衫 男 又 係度 左膠 口罩 又 唔戴 黑衫 女 冇 戴口罩 又 道歉 全部 左 膠撚 唔 戴口罩 都 驚 唔知 係咪 鬼 黎",1,16,10,0.625,1
"308","Q376","好撚大關系，兩個個體系根本唔同，香港果隻係憲法上面再加個宇宙安全法，而澳門係基於 23 條另外立一條法例，層級都唔同啦","好撚大 關系 兩 個個 體系 根本 唔同 香港 果隻 係 憲法 上面 再 加個 宇宙 安全法 而 澳門 係 基於 條 另外 立 一條 法例 層級 都 唔同 啦",1,17,5,0.294117647058824,1
"309","Q377","其實連登都有共識唔圍狗屋真係好無謂甚至邊度都唔圍得, 一有記者到即係黑警好快清場811 之後只能夠快閃hit and run","其實 連登 都有 共識 唔 圍 狗屋 真係 好無謂 甚至 邊度 都 唔 圍 得 一有 記者 到 即係 黑警 好快 清場 之後 只 能夠 快閃",1,18,8,0.444444444444444,1
"310","Q378","有個道德問題問大家, 假如証實機械人殺錯了人類, 誰需要負責, 莫非推件機械人去坐監? 如果大家唔想下這個問題, 將來俾尾角的機械人謀殺, 到時才知驚就不好了。","有個 道德 問題 問 大家 假如 証實 機械人 殺 錯了 人類 誰 需要 負責 莫非 推 件 機械人 去 坐監 如果 大家 唔想下 這個 問題 將來 俾 尾角 的 機械人 謀殺 到時 才 知驚 就 不 好了",0,17,4,0.235294117647059,0
"311","Q379","點解無得怨????泛淫有尊重過......其他意見既屎文咩 ??????","點解 無得怨 泛淫 有 尊 重過 其他 意見 既 屎 文 咩",0,15,10,0.666666666666667,1
"312","Q38","我已經決定由昨日開始，暫停無必要消費，努力儲錢移民，你話我不是社會持份者，我真係fucking care，一個人力量有限，但如果有五十萬，一百萬人停止無必要既消費呢？！","我 已經 決定 由 昨日 開始 暫停 無必要 消費 努力 儲錢 移民 你 話我 不是 社會 持份者 我 真係 一 個人 力量 有限 但 如果 有 五 十萬 一 百萬人 停止 無必要 既 消費 呢",1,16,4,0.25,1
"313","Q380","支持解放軍幫手一齊拉暴徒，點都要一次開頭的，長痛不如短痛，暴徒有樣睇的，其他遊行市民請放心。??","支持 解放軍 幫手 一齊 拉 暴徒 點 都要 一次 開頭 的 長痛不如短痛 暴徒 有樣 睇的 其他 遊行 市民 請 放心",1,16,9,0.5625,1
"314","Q381","犯民班垃圾口頭反對港獨，但其所作所為全部支持港獨。為收黑金去破壞香港。大家合力去否決犯民劣行！","犯民 班 垃圾 口頭 反對 港獨 但 其 所作所為 全部 支持 港獨 為 收黑金 去 破壞 香港 大家 合力 去 否決 犯民 劣行",1,18,12,0.666666666666667,1
"315","Q382","河童賣囗罩？？？？？送都5要啦咁勁的話應該送哂去“老人院“或派俾“長者“又想揾機會cup水？？？？？","河童 賣 囗 罩 送 都 <U+F4CF> 要 啦 咁勁 的話 應該 送哂 去 老人院 或 派 俾 長者 又 想 揾 機會 水",1,17,7,0.411764705882353,1
"316","Q383","唔袋住先嘅好處, 依家仲可以剩機拎返議會主導權. 當然泛民班仆街先最難搞","唔 袋住先 嘅 好處 依家 仲 可以 剩 機 拎返 議會 主導權 當然 泛民 班仆街 先 最 難搞",1,17,8,0.470588235294118,1
"317","Q384","中共 :  唔好理貪污醜聞啦  睇吓8卦新聞啦三毛 :  唔好理行動post啦  睇吓8卦新聞啦","中共 唔好理 貪污 醜聞 啦 睇吓 卦 新聞 啦 三毛 唔好理 行動 啦 睇吓 卦 新聞 啦",1,18,5,0.277777777777778,1
"318","Q385","最弊黃帶唔信，只以為美國多麼正義，亦以為民主解決一切…總之有冇WW3，香港都玩完了。","最弊 黃帶 唔信 只 以為 美國 多麼 正義 亦 以為 民主 解決 一切 總之 有冇 香港 都 玩完了",0,16,9,0.5625,0
"319","Q386","林大狀講得啱，好多香港人贏咗就張顯法治，輸咗就話法治已死，輸打蠃要。","林 大狀 講得啱 好多 香港人 贏咗 就 張顯 法治 輸咗 就話 法治 已死 輸打蠃要",0,17,6,0.352941176470588,0
"320","Q387","咁開心咁高興，唔好比佢停，一於繼續煮飯仔抗爭！和你飛曱甴回巢與理大共存亡。","咁開心 咁 高興 唔好 比佢 停 一於 繼續 煮飯仔 抗爭 和 你 飛 曱甴 回巢 與 理大 共存亡",1,17,9,0.529411764705882,1
"321","Q388","警隊近排大多負面新聞, 為左趕住領功, 最後搞到誠信破產... ;P","警隊 近排 大多 負面 新聞 為左 趕住 領功 最後 搞到 誠信 破產",0,15,0,0,0
"322","Q389","本人IVE學生 ,徵Model練習人像攝影..有興趣ADD  攝影師人數 : 1~3Detail :1)男女皆可,12~18 2)唔可以遲大到3)可帶FD4)唔一定要化妝p.s 睇相請先ADD MSN","本人 學生 徵 練習 人像 攝影 有興趣 攝影師 人數 男女 皆可 唔可以 遲大到 可 帶 唔一定 要 化妝 睇相 請 先",0,18,3,0.166666666666667,0
"323","Q39","中國派個殺手去台灣買起肥蓬...完事後再飛去香港... 無罪之餘睇下台灣會有咩反應!??:51 AM 編輯 [/i]]","中國 派個 殺手 去 台灣 買起 肥 蓬 完 事後 再 飛去 香港 無罪 之餘 睇下 台灣 會 有咩 反應 編輯",1,15,7,0.466666666666667,1
"324","Q390","啲曱甴真係連畜牲都不如，根本就係畜意謀殺，連登班垃圾仲竟然話阿叔係自焚，又話係天氣乾燥云云，簡直可恥至極......:@ :@ :@","啲 曱甴 真係 連 畜牲 都 不如 根本 就係 畜意 謀殺 連登 班 垃圾 仲 竟然 話 阿叔 係 自焚 又 話係 天氣 乾燥 云云 簡直 可恥 至極",1,17,12,0.705882352941177,1
"325","Q391","成班五毛pr叫人轉投china joe，完全當侵侵無道，用完即棄","成 班五毛 叫人 轉投 完全 當 侵侵 無 道 用完即棄",1,18,9,0.5,1
"326","Q392","連登都親民主黨啦，你試吓出帖鬧民主黨，即時就會有班民主黨打手出嚟label你五毛分化撚。","連登 都 親 民主黨 啦 你 試吓 出帖 鬧 民主黨 即時 就 會有 班 民主黨 打手 出嚟 你 五毛 分化 撚",1,16,5,0.3125,1
"327","Q393","╴個尊仰唯一神的耶教教徙收集「異教徒」摸拜的「偶像」古董在家來幹甚麽？","個 尊 仰 唯一 神 的 耶教 教徙 收集 異 教徒 摸 拜 的 偶像 古董 在家 來 幹 甚麽",0,17,5,0.294117647058824,0
"328","Q394","唔駛賤價賣比微軟，年青一代好反叛，越禁就越玩，個班老，右，白，男政棍OUT晒，幫人做宣傳，禁完之後用戶仲多左，可以同美國政府玩司法覆核！玩死傻普。","唔駛 賤價 賣比 微軟 年青 一代 好 反叛 越 禁 就 越 玩 個班 老 右 白 男 政棍 晒 幫人 做 宣傳 禁 完 之後 用戶 仲 多左 可以 同 美國 政府 玩 司法覆核 玩死 傻 普",1,15,7,0.466666666666667,1
"329","Q395","行政長官舉行記者會　行政長官林鄭月娥今日（一月二十五日）下午四時三十分在香港添馬添美道二號政府總部地下演講廳舉行記者會。","行政長官 舉行 記者會   行政長官 林鄭月娥 今日 一月 二十五 日 下午 四 時 三 十分 在 香港 添 馬 添美道 二 號 政府總部 地下 演講廳 舉行 記者會",0,17,4,0.235294117647059,0
"330","Q396","管理處d 經理其實一定知！只係傳媒丫曲事實，等市民阻攔警察拉人！呢壇野罷明係管理處寧願得罪警方，都唔敢得罪暴徒！阻差辦公，都係罰錢之麻，幾個人埋單都係幾萬！得罪暴徒，成個商場被裝修，埋單邊止","管理處 經理 其實 一定 知 只係 傳媒 丫 曲 事實 等 市民 阻攔 警察 拉人 呢壇 野 罷 明 係 管理處 寧願 得罪 警方 都 唔敢 得罪 暴徒 阻差辦公 都係 罰錢 之 麻 幾 個人 埋單 都係 幾萬 得罪 暴徒 成個 商場 被 裝修 埋 單邊 止",1,17,7,0.411764705882353,1
"331","Q397","我相信好多人都有人格分裂, 開咗幾個email投咗幾次票自己都唔知","我 相信 好多人 都有 人格分裂 開咗 幾個 投咗 幾次 票 自己 都 唔知",0,17,6,0.352941176470588,0
"332","Q398","暴民學棍佔據霸佔道路通道, 阻礙營商及市民正常生活, 想唔比市民臭罵及掃場都難喇... 呢班無恥路霸, 真係偽民主真霸道了... :","暴民 學棍 佔據 霸佔 道路 通道 阻礙 營商 及 市民 正常 生活 想 唔比 市民 臭 罵 及 掃 場 都難 喇 呢班 無恥 路霸 真係 偽民主 真 霸道 了",1,15,8,0.533333333333333,1
"333","Q399","你條死賤種英狗留係中國香港獻世呀，日日俾中國人吊你老母臭西，英國認唔認你條雜種英狗，中國人吊你老母臭西，英國當你畜生一條，唔死都無撚用:","你 條 死 賤種 英狗 留係 中國 香港 獻世 呀 日日 俾 中國人 吊你老母 臭西 英國 認 唔認 你 條 雜種 英狗 中國人 吊你老母 臭西 英國 當你 畜生 一條 唔 死 都 無 撚 用",1,17,10,0.588235294117647,1
"334","Q4","90年代初期好像是最快樂的時光,那時候還沒有這麼多大型商場,但鄰里都比較快樂。","初期 好像 是 最 快樂 的 時光 那時候 還 沒有 這麼多 大型 商場 但 鄰里 都 比較 快樂",0,12,0,0,0
"335","Q40","射波俾一哥一哥射俾啲指揮 同叫你report但啲指揮嘅又唔會開記招report又無黑警編號","射波 俾 一哥 一哥 射 俾 啲 指揮 同 叫你 但 啲 指揮 嘅 又 唔 會開 記招 又 無 黑警 編號",1,12,7,0.583333333333333,1
"336","Q400","咁計法後生嘅就唔洗出街番工？又唔見有人派1人幾個比我？廢老係咁每間都排下，一間又派你幾個，都變左有好多個lu喎仲有買餸唔可以1次過買哂1個禮拜嘅餸嫁咩？你要唔落街一定有辦法，問題係你做唔做嫁姐","咁 計法 後 生嘅 就 唔洗 出街 番工 又 唔見 有人 派 人 幾個 比我 廢老 係咁 每 間 都 排 下 一間 又 派 你 幾個 都 變左 有 好 多個 喎 仲有 買餸 唔可以 次 過 買哂 個 禮拜 嘅 餸 嫁咩 你 要 唔 落街 一定有 辦法 問題 係 你 做 唔做 嫁 姐",1,17,10,0.588235294117647,1
"337","Q401","係，以前屌過佢地到送貨果下先收上門費，個客服一開始仲小返我轉頭，後來我嘈到要佢最大個老闆出嚟同我道歉，同唔收果廿蚊。;P;P講真，唔係廿蚊嘅問題，係你唔一早話收嘅問題","係 以前 屌 過 佢地 到 送貨 果下 先 收 上門 費 個 客服 一開始 仲 小 返 我 轉頭 後來 我 嘈到 要 佢 最 大個 老闆 出嚟 同我 道歉 同 唔收 果 廿 蚊 講真 唔係 廿 蚊 嘅 問題 係 你 唔 一早 話 收 嘅 問題",1,18,9,0.5,1
"338","Q402","日就算幾大風雨 都不會掛8號架, 等你地班儍仔 遊又死, 唔遊又死, 想賣旗籌錢個d政棍 更大失預算, 又冇得補行......... :","日 就算 幾大 風雨 都 不會 掛 號 架 等 你地 班 儍仔 遊 又 死 唔 遊 又 死 想 賣旗 籌錢 個 政棍 更大 失 預算 又 冇得 補 行",1,18,9,0.5,1
"339","Q403","咁你要求35+又要求人諗埋DQ後點做你又唔比建議要點做Ban橋邊撚個唔識","咁 你 要求 又要 求人 諗 埋 後 點做 你 又 唔比 建議 要 點做 橋 邊撚個 唔識",1,17,7,0.411764705882353,1
"340","Q404","痴撚線，佢地要乜料就有乜料，咁多警察佢地可以識到負責安排果 d，仲話有幾個。真係當人白痴。","痴撚線 佢地 要 乜料 就有 乜料 咁多 警察 佢地 可以 識 到 負責 安排 果 仲話 有 幾個 真係 當人 白痴",1,16,5,0.3125,1
"341","Q405","這個安排不錯啊... 由特首直接監誓, 港奸人渣政棍宣誓玩野就即刻DQ... 一定好精彩... :","這個 安排 不錯 啊 由 特首 直接 監誓 港奸 人渣 政棍 宣誓 玩野 就 即刻 一定 好精彩",1,17,8,0.470588235294118,1
"342","Q406","呢個帖比D小學雞黃絲有得打下字宣洩下呢排既失敗情緒都係好事！:","呢個 帖 比 小學雞 黃絲 有得 打下 字 宣洩下 呢排 既 失敗 情緒 都係 好事",1,17,10,0.588235294117647,0
"343","Q407","典型黃狗理論啦，中國感染1000萬，死亡1萬。中國那個統計是只已經發病，而美國統計包括了估計感染沒有發病。","典型 黃狗 理論 啦 中國 感染 萬 死亡 萬 中國 那個 統計 是 只 已經 發病 而 美國 統計 包括 了 估計 感染 沒有 發病",1,18,11,0.611111111111111,1
"344","Q408","如果去到北韓/中共軍事挑釁，日韓又會基於自身安全走返埋一齊（當然美國係中間夾住佢兩個。）","如果 去到 北韓 中共 軍事 挑釁 日韓 又 會 基於 自身 安全 走返 埋 一齊 當然 美國 係 中間 夾住 佢 兩個",0,16,1,0.0625,0
"345","Q409","Trump玩撚死維尼！琴日叫官員講香港野唔撚好去得禁盡今日就全部貨品9.1起全面加稅宜家形成全球經濟制裁支國嘅氛圍，現時已經製造左有利抗爭嘅外圍條件！","玩 撚 死 維尼 琴 日叫 官員 講 香港 野 唔撚 好 去得 禁 盡 今日 就 全部 貨品 起 全面 加稅 宜家 形成 全球經濟 制裁 支國 嘅 氛圍 現時 已經 製造 左 有利 抗爭 嘅 外圍 條件",1,17,11,0.647058823529412,1
"346","Q41","柒頭 ，今日我等良好市民形勢比你強，再次大L大聲我吊你老母轉貼員，吹咩。","柒頭 今日 我等 良 好市民 形勢 比你 強 再次 大 大聲 我 吊你老母 轉貼 員 吹咩",1,15,7,0.466666666666667,1
"347","Q410","到底外國勢力幾時黎....佢地唔跟法例亂拉人..私刑強姦...跟本我地無得反抗路過佢唔順眼都唔洗理據都可以拉你返狗屋","到底 外國勢力 幾時 黎 佢地 唔 跟法例 亂 拉人 私刑 強姦 跟本 我地 無得 反抗 路過 佢 唔順眼 都 唔洗 理據 都 可以 拉 你 返 狗屋",0,18,10,0.555555555555556,1
"348","Q411","其實依家應該係要逼民建聯 工聯會 自由黨 新民黨表態扮激進藍屍，屌佢地依家何妖做緊野，點解佢地唔出聲唔支持，佢地有啲唔係真係咁愛國，未必敢講","其實 依家 應該 係要 逼 民建聯 工聯會 自由黨 新民黨 表態 扮 激進 藍屍 屌 佢地 依家 何 妖 做緊 野 點解 佢地 唔出聲 唔支持 佢地 有啲 唔係 真係咁 愛國 未必 敢講",1,18,6,0.333333333333333,1
"349","Q412","叫五大訴求和叫支持香港警察的區別。犯民口中的：民主自由，白色恐怖。","叫 五大訴求 和 叫 支持 香港 警察 的 區別 犯民 口中 的 民主 自由 白色恐怖",1,15,6,0.4,1
"350","Q413","見你唔識野好心幫你查啞老師比你話叫你返去問老師又比你話但你又可以叫我去問人乜都你講哂:敢定唔敢一句得啦;P","見你 唔識野 好心 幫 你 查 啞 老師 比你 話 叫你 返去 問 老師 又 比你 話 但 你 又 可以 叫我 去 問人 乜都 你 講哂 敢 定 唔敢 一句 得啦",0,17,9,0.529411764705882,0
"351","Q414","在登打士街一輛小巴上，指責示威者堵路阻礙行程，結果被揪出指罵，迫令其落車再遭掌摑，該乘客最後向示威者鞠躬道歉，才獲准離開班臭pk黃絲正垃圾","在 登打士街 一輛 小巴 上 指責 示威者 堵路 阻礙 行程 結果 被 揪出 指罵 迫令 其 落車 再 遭 掌摑 該 乘客 最後 向 示威者 鞠躬 道歉 才 獲准 離 開班 臭 黃絲 正 垃圾",0,16,11,0.6875,1
"352","Q415","個個post都開話咩又傳比邊個 傳比子彈頭 你話用黎打擊黑警軍心就話姐 原來自己拎黎打飛機拎黎笑","個 個post 都 開 話 咩 又 傳 比 邊個 傳 比 子彈頭 你 話 用黎 打擊 黑警 軍心 就話 姐 原來 自己 拎黎 打飛機 拎黎 笑",1,16,8,0.5,1
"353","Q416","[和你簽聯署] Ban柒WeChat 全球共識 不要Tiktok 我要Free to Talk","和 你 簽 聯署 柒 全球 共識 不要 我 要 分享 自 討論區",1,15,10,0.666666666666667,1
"354","Q417","係香港，大家都知，點解「平果妓者」比 G 更賤，日日造假新聞出嚟恐嚇港人。","係 香港 大家 都知 點解 平果 妓者 比 更 賤 日日 造 假新聞 出嚟 恐嚇 港人",1,17,10,0.588235294117647,1
"355","Q418","師兄，食古不化系要紅鬚綠眼果D先系歪國人，黑鬼系死貧窮西，吾配叫歪國人","師兄 食古不化 系 要 紅鬚 綠眼 果 先系 歪 國人 黑鬼 系 死 貧 窮西 吾 配 叫 歪 國人",1,18,11,0.611111111111111,1
"356","Q419","日本/英國都在美國核彈射程之內，問題是美國會用核射日本/英國嗎","日本 英國 都在 美國 核彈 射程 之內 問題 是 美 國會 用 核 射 日本 英國 嗎",0,13,1,0.0769230769230769,0
"357","Q42","外國民主自由開放，當然培育到好人才！內地本身講句野都會以言入罪，當然難以培育好人才.......","外國 民主 自由 開放 當然 培育 到 好 人才 內地 本身 講句野 都會 以言入罪 當然 難以 培育 好 人才",0,15,4,0.266666666666667,0
"358","Q420","如果係咁以為唔洗出黑警 只要搵古惑仔就搞掂 吹風機場有古惑仔 唔好去機場啦咁危險 以後集會遊行唔洗搞 樓主意思係咪咁？","如果 係咁 以為 唔洗出 黑警 只 要搵 古惑仔 就 搞掂 吹風 機場 有 古惑仔 唔好 去機場 啦 咁 危險 以後 集會 遊行 唔洗搞 樓主 意思 係 咪咁",1,16,7,0.4375,1
"359","Q421","總之痴埋黑警到都唔會有運行黑社會 新城市 麗晶 MTR ..痴一個衰一個","總之 痴埋 黑警 到 都 唔會 有運行 黑社會 新城市 麗 晶 痴 一個 衰 一個",1,17,8,0.470588235294118,1
"360","Q422","推 拆大學 再眾籌請教授教老實講讀完大學個啲垃圾科真係唔知有乜撚用 學識走堂如果請到人真係有心教 一定有人學","推 拆 大學 再 眾籌 請教 授教 老實講 讀完 大學 個啲 垃圾 科 真係 唔知 有乜撚 用 學識 走堂 如果 請到 人 真係有心 教 一定 有人 學",1,15,8,0.533333333333333,1
"361","Q423","唔關咩一句藍店就衝 你睇下你點覆人 人哋好心答你 你jer撚住人嚟審犯咁 答你係出於好意 唔答你自己去搵前線問","唔關 咩 一句 藍 店 就 衝 你 睇下 你 點覆 人 人哋 好心 答 你 你 撚住 人嚟 審 犯 咁 答 你 係 出於 好意 唔答 你 自己 去搵 前線 問",1,16,7,0.4375,1
"362","Q424","尋日 TVB 直播見到有條撚樣著件 PRESS 背心喺新城市入面同兩條黑衣人有講有笑仲有嘢交收， 都唔知係咪收黑金","尋日 直播 見到 有條 撚樣 著 件 背心 喺 新城市 入面 同 兩條 黑衣人 有講有笑 仲 有嘢 交收 都 唔知 係咪 收黑金",1,14,7,0.5,1
"363","Q425","醒得太遲已經無感覺，最好燒到埋班仲發緊夢嘅小粉紅，順便做埋雜種嘅回血劍當幫地球減廢","醒 得 太遲 已經 無感覺 最好 燒 到 埋班 仲 發緊夢 嘅 小 粉紅 順便 做埋 雜種 嘅 回 血 劍 當 幫 地球 減廢",1,16,7,0.4375,1
"364","Q426","今年唔會再贏！500萬市民會團結將所有犯文送出立法會！跟手完成廿三條！光復香港中國人加油????","今年 唔會 再 贏 萬 市民 會 團結 將 所有 犯 文 送出 立法會 跟手 完成 廿三條 光復香港 中國人 加油",1,16,8,0.5,1
"365","Q427","屌撚樣除非唔係喺香港，佢喺DR毒針嗰page住嗰度有好多嘢我已經CAP低佢嘅喇。","屌 撚樣 除非 唔係 喺 香港 佢喺 毒針 嗰 住 嗰度 有 好多嘢 我 已經 低 佢嘅 喇",1,17,9,0.529411764705882,1
"366","Q428","林鄭月娥在競選特首期間曾表示，當年串串貢，暗示鬍鬚曾搞唔掂。乜解究自己搞到香港經濟衰退呀？又想賴落市民到？","林鄭月娥 在 競選 特首 期間 曾 表示 當年 串 串貢 暗示 鬍鬚曾 搞 唔掂 乜 解究 自己 搞到 香港 經濟 衰退 呀 又 想 賴落 市民 到",0,18,5,0.277777777777778,0
"367","Q429","你咪唔好撚禁，d泡菜佬只會愈來愈憎9中國蝗，到時d中國蝗實比人獅鳥","你 咪 唔 好撚 禁 泡菜 佬 只會 愈來愈 憎 中國 蝗 到時 中國 蝗 實 比人 獅 鳥",1,16,7,0.4375,1
"368","Q43","必須重視香港文革風氣 去咗德國打著民主自由名號周圍搞鳩香港抗爭者， 你真係好核突呀講緊你呀人血十大鬼","必須 重視 香港 文革 風氣 去咗 德國 打著 民主 自由 名號 周圍 搞鳩 香港 抗爭者 你 真係 好 核突 呀 講緊你 呀 人血 十 大 鬼",1,13,7,0.538461538461538,1
"369","Q430","其實香港人已經無回頭路行，宜家放棄就變左中國豬欄其中一個地方。不為安穩默，只為自由嗚！","其實 香港人 已經 無 回頭路 行 宜家 放棄 就 變左 中國 豬欄 其中 一個 地方 不為 安穩 默 只為 自由 嗚",0,17,7,0.411764705882353,1
"370","Q431","全香港人都跟林鄭 嫁啦 仲揾緊錢咪做住中國人先，家人一早過曬英國啦。","全香港人 都 跟 林鄭 嫁啦 仲 揾緊錢 咪 做 住 中國人 先 家人 一 早過 曬 英國 啦",0,18,5,0.277777777777778,0
"371","Q432","咁親屬係真係好可疑一出黎話係自殺既我係唔明點解你會信政府定你係五毛黎？","咁 親屬 係 真係 好 可疑 一 出黎 話係 自殺 既 我 係 唔明 點解 你 會 信 政府 定 你 係 五毛 黎",1,17,7,0.411764705882353,1
"372","Q433","唔同我明呀，但係柒婆對外講緊只夠一個月用但係我果邊好多一日一隻都只係得十日八日用你話我魚蛋論都係咁講，點解政府部門都未搞掂條街竟然會有咁多而政府就連少少安慰我地班員工都冇","唔同 我明 呀 但係 柒婆 對外 講緊 只 夠 一個月 用 但係 我 果邊 好 多一日 一隻 都 只係 得 十 日 八 日 用你 話我 魚蛋 論 都係 咁講 點解 政府 部門 都未 搞掂 條街 竟然 會有 咁多 而 政府 就連 少少 安慰 我地 班 員工 都冇",1,17,5,0.294117647058824,1
"373","Q434","登記做選民嘅只不過400幾萬，咁仲有個300萬人佢做乜鳩㗎！唔好同我講五個月以來都唔知發生左乜嘢事。呢啲人死咗佢好過啦。","登記 做 選民 嘅 只不過 幾萬 咁 仲 有個 萬 人 佢 做乜鳩 <U+35CE> 唔好 同我 講 五 個月 以來 都 唔知 發生左 乜嘢 事 呢啲人 死咗 佢 好過 啦",1,16,11,0.6875,1
"374","Q435","大陸人最鐘意成日講舉國體制 即係社會任何領域 包括你生幾多個仔 都有得集中領導 由政府管理但香港以往成功的基礎係靠自由社會/市場相反香港人係好抗拒依賴政府介入","大陸人 最鐘意 成日 講 舉國 體制 即係 社會 任何 領域 包括 你 生 幾多 個仔 都 有得 集中 領導 由 政府 管理 但 香港 以往 成功 的 基礎 係 靠 自由 社會 市場 相反 香港人 係 好 抗拒 依賴 政府 介入",0,17,4,0.235294117647059,0
"375","Q436","如果係毒果呻淫，一定話認知障礙阿伯有大陸口音，毒廢又空群而出，肯定過百板!","如果 係 毒果 呻淫 一定 話 認知障礙 阿伯 有 大陸 口音 毒 廢 又 空群而出 肯定 過百 板",0,17,10,0.588235294117647,1
"376","Q437","今年送中條例09 年重慶打黑 新疆騷亂99年消滅法輪功89年64運動79年強國恢復國際奧委會合法席位49年支國成立1919年五四運動一到9就有大事發生,咩料","今年 送 中 條例 年 重慶 打 黑 新疆 騷亂 年 消滅 法輪 功 年 運動 年 強國 恢復 國際 奧委會 合法 席位 年 支國 成立 年 五四運動 一到 就有 大事 發生 咩料",0,17,3,0.176470588235294,0
"377","Q438","連登姐姐公佈2. 除消暴動定義3. 不再追究義士4. 成立獨立調查5. 真雙普選","連登 姐姐 公佈 除 消 暴動 定義 不再 追究 義士 成立 獨立 調查 真 雙普選",0,16,2,0.125,0
"378","Q439","不要以前自己是香港人就高貴點，在外國人眼中，香港人一樣是中國人，是沒分別，也只有一些柒的香港人說說英語，染了金毛就當成自己是外國人;P;P","不要 以前 自己 是 香港人 就 高貴 點 在 外國人 眼中 香港人 一樣 是 中國人 是 沒分別 也 只有 一些 柒 的 香港人 說說 英語 染 了 金毛 就 當成 自己 是 外國人",1,13,8,0.615384615384615,1
"379","Q44","淫鄭冇話冇佢係話唔接受人講即係好似大6咁赤共都知有嘅嘢但邊個講就拉邊個關帖封號呢啲語言偽術嚟","淫 鄭 冇話 冇 佢 係話 唔接受 人 講 即係 好似 大6 咁 赤共 都知 有 嘅嘢 但 邊個 講 就 拉 邊個 關帖 封號 呢啲 語言偽術 嚟",0,14,4,0.285714285714286,1
"380","Q440","見到呢班仆街出黎反對, 咁就肯定緊急法好有用, 可以打中佢地要害:","見到 呢 班仆街 出黎 反對 咁就 肯定 緊急 法 好有用 可以 打中 佢地 要害",1,16,7,0.4375,1
"381","Q441","佢一齊走就唔會俾人分到啦，就算唔好總辭最佳時機，都齊上齊落啦，而家留低把撚咩","佢 一齊走 就 唔會 俾人 分到 啦 就算 唔好 總 辭 最佳 時機 都 齊 上 齊 落 啦 而家 留低 把 撚咩",1,16,8,0.5,1
"382","Q442","粉咗啦 唔好為咗面子 快啲派老解啦好似暴徒機場打記者咁 打七班人畜再示眾","粉 咗啦 唔好 為咗 面子 快啲 派 老解 啦 好似 暴徒 機場 打 記者 咁 打 七 班 人畜 再 示眾",1,18,9,0.5,1
"383","Q443","有新加坡土生土長親戚呢幾個月都keep住有打電話嚟問香港點 竟然話黑警cls 無屌手足仲話屋企有人當緊兵 使唔使要gear","有 新加坡 土生土長 親戚 呢 幾 個月 都 有 打電話 嚟 問 香港 點 竟然 話 黑警 無 屌 手足 仲話 屋企 有人 當 緊 兵 使唔使 要",1,14,8,0.571428571428571,1
"384","Q444","挑，依家認佢地大叫港獨只係妖言惑眾嘩眾取寵？即係9up？咁係咪比佢議員嘅話，港獨只係口號黎，最重要都係錢銀同女人？","挑 依家認 佢地 大叫 港獨 只係 妖言惑眾 嘩眾取寵 即係 咁 係咪 比佢 議員 嘅 話 港獨 只係 口號 黎 最重要 都係 錢銀 同 女人",0,18,13,0.722222222222222,1
"385","Q445","嘈話大白象既人多數係基層，跟住政棍走，佢哋根本無果種長遠目光，唔知咩係做大個餅有咩好處，唔知如果唔攪基建比人架空對將來有咩影響，呢啲井底眼前既最好係派錢比佢哋去旅行或快啲抽到公屋拎政府褔利","嘈 話 大白象 既 人 多數 係 基層 跟住 政棍 走 佢哋 根本 無 果種 長遠 目光 唔知咩 係 做 大個 餅 有咩 好處 唔知 如果 唔攪 基建 比人 架空 對 將來 有咩 影響 呢啲 井底 眼前 既 最 好係 派錢 比 佢哋 去旅行 或 快啲 抽到 公屋 拎 政府 褔利",1,17,3,0.176470588235294,1
"386","Q446","香港政府既精英10年前一早走哂，689年代既開始就係中共開始放啲冇腦既垃圾取代精英，要走好快啲走","香港政府 既 精英 年前 一早 走哂 年代 既 開始 就係 中共 開始 放啲 冇腦 既 垃圾 取代 精英 要走 好 快啲 走",0,15,6,0.4,1
"387","Q447","殺人政府！乜都入晒政府數，大耳窿追數跳樓都係！廢青即係廢青，冇得救！","殺人 政府 乜都 入晒 政府 數 大耳窿 追數 跳樓 都係 廢青 即係 廢青 冇得 救",1,18,9,0.5,1
"388","Q448","美國絕對唔係普選，亦唔係乜野民主，而係一種精英協商政治，只有白痴先以為美國係民主，其實美國開國國父從來冇自認係民主派","美國 絕對 唔係 普選 亦 唔係 乜野 民主 而係 一種 精英 協商 政治 只有 白痴 先 以為 美國 係 民主 其實 美國 開國 國父 從來 冇 自 認係 民主派",0,16,10,0.625,0
"389","Q449","黃屎黑暴體質都異於常人，通常衰左就會有絕症，17度著7件衫已經好叻叻豬","黃 屎 黑暴 體質 都 異於常人 通常 衰左 就 會有 絕症 度 著 件 衫 已經 好 叻叻豬",1,14,6,0.428571428571429,1
"390","Q45","奶到屎眼汁都流出黎都做唔到 柒到你有好心就收收皮啦, 日日出黎9up, 仲好意思講陳太, 陳太瀟灑過佢好多","奶 到 屎眼 汁 都 流 出黎 都 做唔到 柒到 你 有 好心 就 收 收皮啦 日日 出黎 仲 好意思 講 陳太 陳太 瀟灑 過 佢 好多",1,19,10,0.526315789473684,1
"391","Q450","當左派人士連一支青天白日滿地紅都包容唔到﹐憑MUG野同台灣統一。無辦法喇﹗只有靠軍隊。台灣民心不企在大陸同一位置。香港左派太過低能﹐沒有統戰台灣人的能力。","當 左派 人士 連 一 支 青天白日滿地紅 都 包容 唔到 憑 野 同 台灣 統一 無辦法 喇 只有 靠 軍隊 台灣 民心 不 企 在大陸 同一 位置 香港 左派 太過 低能 沒有 統戰 台灣人 的 能力",0,15,4,0.266666666666667,0
"392","Q451","所以繼續議會抗爭嘅意義 其實係要要話俾國際聽中共公然破壞制度選舉","所以 繼續 議會 抗爭 嘅 意義 其實 係要 要 話俾 國際 聽 中共 公然 破壞 制度 選舉",0,15,4,0.266666666666667,0
"393","Q452","中共呢招真係有料到借個痴線佬聚集地做抗爭大台引入新會員產生內鬥下一步再反向輸出文化影響大眾一石二鳥","中共 呢招 真係 有料到 借 個 痴線佬 聚集 地 做 抗爭 大 台 引入 新會員 產生 內鬥 下一步 再 反向 輸出 文化 影響 大眾 一石二鳥",0,17,4,0.235294117647059,0
"394","Q453","好似幾個月定成年前睇報紙，佢話自己係香港單位都買唔起個，突然之間又會住超級豪宅 :lol ;P ;P","好似 幾 個月 定 成 年前 睇報紙 佢話 自己 係 香港 單位 都 買唔起 個 突然 之間 又 會 住 超級 豪宅",0,17,2,0.117647058823529,0
"395","Q454","日本老人執政太多得佢同北海道口罩王子後生啲靚仔啲又打得乘機tweet文宣下話香港都有好多20，30歲區議員如果唔係dq立會都會有唔好病呀","日本 老人 執政 太 多得 佢 同 北海道 口罩 王子 後生啲 靚仔 啲 又 打得 乘機 文宣 下話 香港 都有 好多 歲 區議員 如果 唔係 立會 都 會有 唔好 病 呀",0,15,5,0.333333333333333,0
"396","Q455","事實一再證明，以鬥爭求團結，則團結存；以退讓求團結，則團結亡。香港社會唔係唔可以和解，但前提條件係止暴制亂，恢復秩序，將暴徒及縱暴政客繩之以法。","事實 一再 證明 以 鬥爭 求 團結 則 團 結存 以 退讓 求 團結 則 團結 亡 香港 社會 唔係 唔可以 和解 但 前提 條件 係 止 暴 制 亂 恢復 秩序 將 暴徒 及 縱 暴 政客 繩之以法",1,17,4,0.235294117647059,1
"397","Q456","笑死 唔好笑撚死人啦你依啲係支那狗拖人落水咋咪扮攬炒啦????????","笑死 唔 好笑 撚 死人 啦 你 依 啲 係 支那 狗 拖人 落水 咋 咪 扮 攬炒 啦",1,18,13,0.722222222222222,1
"398","Q457","啲波波球唔識用噴射火焰，建議走佬，等對手以為自己贏咗，然後埋身打尻個訓練員","啲 波 波 球 唔識用 噴射 火焰 建議 走佬 等 對手 以為 自己 贏咗 然後 埋身 打 尻 個 訓練員",1,15,8,0.533333333333333,1
"399","Q458","推 左膠我屌你老母 除左識鳩up扮聖人 要其他人幫你爭取埋 而自己咪鳩實事都唔做 有成果既時候你就唔介意分享成果 就係你呢d垃圾 收皮喇","推 左膠 我 屌你老母 除左 識 鳩up 扮 聖人 要 其他人 幫 你 爭取 埋 而 自己 咪 鳩 實事 都 唔做 有 成果 既 時候 你 就 唔介意 分享 成果 就係 你 呢 垃圾 收皮 喇",1,14,8,0.571428571428571,1
"400","Q459","我只知班曱甴從來冇針對地產佬. 反而董生及CY要針對地產就係犯民玩番轉頭, 地產佬田25仲係佢嗰邊人, 所以你咪扮嘢啦, 曱甴先係地產派的人","我 只 知 班 曱甴 從來 冇 針對 地產佬 反而 董生 及 要 針對 地產 就係 犯民 玩 番轉頭 地產佬 田 仲係 佢 嗰邊 人 所以 你 咪 扮嘢啦 曱甴 先係 地產 派 的 人",1,17,11,0.647058823529412,1
"401","Q46","運金多過運車啦鄧狗收到咁多架裝甲車,仲唔大無私樣渣黎渣去晒權力咩","運 金 多過 運 車 啦 鄧 狗 收到 咁 多架 裝甲車 仲 唔大 無私 樣 渣 黎 渣 去晒 權力 咩",1,11,6,0.545454545454545,1
"402","Q460","喂屌你老母班無腦藍絲仲唔成隻癲狗咁出黎話海關拘捕警犬？呀sir madam辛苦喇！係咪同海關講呀","喂 屌你老母 班 無腦 藍絲 仲唔 成隻 癲狗 咁 出黎 話 海關 拘捕 警犬 呀 辛苦 喇 係咪 同 海關 講 呀",1,18,11,0.611111111111111,1
"403","Q461","咁樣以前有關地名嘅名稱全部改晒佢啦，白痴！Chinese Virus, CCP Virus, Wuhan Virus....任佢揀....","咁樣 以前 有關 地名 嘅 名稱 全部 改晒 佢 啦 白痴 任 佢 揀",0,18,7,0.388888888888889,0
"404","Q462","NMSL唔知鬧得邊個 又唔知帶邊個方向好 一陣又戰狼 一陣又軟皮蛇屌你老母 五毛都咁難賺","唔知 鬧 得 邊個 又 唔知 帶 邊個 方 向好 一陣 又 戰 狼 一陣 又 軟皮蛇 屌你老母 五毛 都 咁難 賺",1,17,7,0.411764705882353,1
"405","Q463","香港是自由社會，下下叫政府出面說明什麼？公共交通行業3年駕駛經驗都算少了，一大班條命系佢手上，重要改為一年D新牌。呢D議員真弱智！","香港 是 自由 社會 下下 叫 政府 出面 說明 什麼 公共交通 行業 年 駕駛經驗 都算 少 了 一大班 條命 系佢 手上 重要 改為 一年 新牌 呢 議員 真 弱智",1,18,5,0.277777777777778,1
"406","Q464","我絕對唔買黃店,睇下沙嗲牛肉麵個間有好多曱甴排隊做假,打死我都唔食重要排一個鐘,貼錢買難受;P","我 絕對 唔買 黃 店 睇下 沙嗲牛 肉 麵 個 間 有 好多 曱甴 排隊 做假 打死 我 都唔食 重要 排 一個 鐘 貼錢 買 難受",1,17,10,0.588235294117647,1
"407","Q465","音音姐佢地唔屈佢比左小小面姐，毒系傳媒一向99單抹黑，報一單半單野交下貨，正常人唔會咁易比黎黑金呃到:","音 音 姐 佢地 唔 屈 佢 比左 小小 面 姐 毒 系 傳媒 一向 單 抹黑 報 一單半單 野 交下 貨 正常人 唔會 咁易 比 黎 黑金 呃到",0,17,8,0.470588235294118,0
"408","Q466","老美都想，但係讀寫障礙都可以入哈佛就似乎搞笑D囉...最衰哈佛冇料理農務系，唔係可能岩條痴瘋讀...:lol;P:","老美 都想 但係 讀 寫 障礙 都 可以 入 哈佛 就 似乎 搞笑 囉 最衰 哈佛 冇 料理 農務 系 唔係 可能 岩 條 痴瘋 讀",1,16,10,0.625,1
"409","Q467","原來你老母又唔識飛又唔識走㗎？咪者係殘廢？你有無事？你老豆屌殘疾人士係咩feel","原來 你 老母 又 唔 識飛 又 唔識 走 <U+35CE> 咪 者 係 殘廢 你 有 無事 你 老豆 屌 殘疾 人士 係咩",1,17,9,0.529411764705882,1
"410","Q468","因為成個12月都一大班人沖出黎話靜咗運動已完再屌鳩和理非無撚柒用再屌鳩所有人係休息撚","因為 成個 月 都 一大班人 沖 出黎 話 靜 咗 運動 已完 再 屌鳩 和 理非 無 撚 柒 用 再 屌鳩 所有人 係 休息 撚",1,16,8,0.5,1
"411","Q469","佢鳩噏啦！有條??妹拍完喱騷幾仟蚊糧都拖，重話條??妹好同記者講，咁嘅乞兒邊個想幫佢做嘢？","佢 鳩噏 啦 有條 妹 拍 完 喱 騷 幾 仟 蚊 糧 都 拖 重話 條 妹 好 同 記者 講 咁嘅 乞兒 邊個 想 幫佢 做嘢",1,18,10,0.555555555555556,1
"412","Q47",": 無辦法啦,班死蝗蟲湧落嚟咪做D偷、呃、拐、騙嘅嘢囉,攞咗身分證就話叫香港人喎,拜蝗蟲所賜啦，不過,比起大陸就差好遠,遲D唔敢講。","無辦法 啦 班 死 蝗蟲 湧 落嚟 咪 做 偷 呃 拐 騙 嘅嘢 囉 攞咗 身分證 就話 叫 香港人 喎 拜 蝗蟲 所賜 啦 不過 比起 大陸 就 差好遠 遲d 唔敢講",1,16,6,0.375,1
"413","Q470","黃絲有獨立思考能力，這些涉及主觀判斷的問題，可能出現不同意見，正常。請問藍絲的答案是不是統一無矛盾的呢？","黃絲 有 獨立 思考 能力 這些 涉及 主觀 判斷 的 問題 可能 出現 不同 意見 正常 請問 藍絲 的 答案 是 不是 統一 無矛盾 的呢",0,17,1,0.0588235294117647,0
"414","Q471","維護人之常情，但事實校長睇完都話未知乜人做 :但邊個做又點，私事一件，呢到五毛都日日叫人去死，咁係咪要BLOCK 香討? :","維護 人之常情 但 事實 校長 睇完 都話 未知 乜人 做 但 邊個 做 又點 私事 一 件 呢到 五毛 都 日日 叫人 去死 咁 係咪 要 香討",1,16,6,0.375,1
"415","Q472","目無法紀，吹雞班馬入元朗行兇，拉哂班曱甴畜牲打靶:victory:：df24：","目無法紀 吹雞 班馬 入 元朗 行兇 拉 哂 班 曱甴 畜牲 打靶",1,16,13,0.8125,1
"416","Q473","C HING,我就係一邊聽HIP HOP一邊溫書!宜家上黎吹下水!","我 就係 一邊 聽 一邊 溫書 宜家 上黎 吹下水",0,17,2,0.117647058823529,0
"417","Q474","後生仔有返工 = 應該食炒價口罩廢老無所事事落公園論政 = 好撚有需要","後生仔 有 返工 應該 食炒價 口罩 廢老 無所事事 落公園 論政 好撚 有需要",1,15,10,0.666666666666667,1
"418","Q475","The answer is yes ?咁外傭仲要比一大筆中介費去擁抱法西斯, 係佢地變態定你攪錯左?","咁 外傭 仲要 比 一大筆 中介費 去 擁抱 法西斯 係 佢地 變態 定 你 攪 錯左",0,16,2,0.125,0
"419","Q476","共和黨Solomon Yue不會在17/9出席美國國會的香港問題聽證會（我有朋友都fact checked左）係我之前誤會左佢, sorry","共和黨 不會 在 出席 美國 國會 的 香港 問題 聽證會 我 有 朋友 都 左 係 我 之前 誤會 左 佢",0,17,3,0.176470588235294,0
"420","Q477","五毛先至會黑白不分，因為衰格。入得議會都算半個人，個格衰極都比唔上五毛，除咗果幾條姓割姓鼠姓完女。","五毛 先 至會 黑白不分 因為 衰格 入得 議會 都算 半 個人 個 格 衰極 都 比唔上 五毛 除咗 果 幾條 姓 割 姓 鼠 姓 完 女",1,17,9,0.529411764705882,1
"421","Q478","甘藍絲開口話佔中學生係廢青，你又點解釋？甘吾通佔中嘅人吾係人？藍絲有幾好人？請回答","甘 藍絲 開 口話 佔 中學生 係 廢青 你 又點 解釋 甘 吾通 佔中 嘅 人 吾係 人 藍絲 有 幾 好人 請 回答",1,17,6,0.352941176470588,1
"422","Q479","game 區，如果唔係新game  9成有置頂post ( 餘下一成就online game ，但官網會有新手教學 )多數都會有攻略，說明書都會教下你點控制角色，除非你玩開心版","區 如果 唔係 新 成 有 置頂 餘下 一 成就 但 官網 會有 新手 教學 多數 都 會有 攻略 說明書 都會 教下 你 點 控制 角色 除 非你 玩 開心 版",0,16,2,0.125,0
"423","Q48","屌佢老母啦  德國扣押人地d貨添呀  一蚊都唔撚比呀  全歐洲第一個國家咁撚樣做添呀  有冇人屌過德國呀？","屌佢老母 啦 德國 扣押 人地 貨 添呀 一蚊 都 唔撚 比 呀 全 歐洲 第一個 國家 咁 撚樣 做 添呀 有冇人 屌 過 德國 呀",1,15,9,0.6,1
"424","Q480","支持警方用國際標準，唔係，應該用尾蟈標準對付呢啲一啲都唔無辜嘅暴徒","支持 警方 用 國際 標準 唔係 應該 用尾 蟈 標準 對付 呢啲 一啲 都 唔 無辜 嘅 暴徒",1,18,10,0.555555555555556,1
"425","Q481","自撚私，唔該你對加國俾返d貢獻啦。正一兒登仔，有樓真係唔代表乜，唔通我有要同人講垃圾人格","自 撚 私 唔該 你 對 加國 俾返 貢獻 啦 正一 兒 登 仔 有樓 真係 唔代表 乜 唔通 我 有 要 同人 講 垃圾 人格",1,14,8,0.571428571428571,1
"426","Q482","我就咁諗 認唔到警員冇問題咁就告指揮官 指揮官縱容下屬行兇就姐係主謀唔關事就你督返個細嘅岀嚟話佢唔聽你講屌 講咁多做乜鳩呀 一日未贏一日都十劃未有一撇呀","我 就 咁諗 認 唔到 警員 冇問題 咁就 告 指揮官 指揮官 縱容 下屬 行兇 就 姐係 主謀 唔關事 就 你 督 返 個 細 嘅 岀嚟 話 佢 唔聽 你 講 屌 講咁多 做乜鳩 呀 一日 未 贏 一日 都 十 劃 未有 一 撇 呀",1,17,6,0.352941176470588,1
"427","Q483","最低消費：送popo/藍議員/藍官員入垃圾桶先啦揸鏟泥車碌popo呢啲應該咁善良既香港人唔會做就算了吧","最低消費 送 藍 議員 藍 官員 入 垃圾桶 先啦 揸 鏟 泥車 碌 呢啲 應該咁 善良 既 香港人 唔會 做就 算了吧",1,18,6,0.333333333333333,1
"428","Q484","大安旨意心態;前面都無事未走，驚閪咩;既食花生撚每次發夢都一大班，跟手要走就會慢幾拍頂住前面走唔甩","大安旨意 心態 前面 都 無事 未 走 驚閪咩 既 食花生 撚 每次 發夢 都 一大班 跟手 要走 就會 慢幾拍 頂住 前面 走唔甩",1,18,8,0.444444444444444,1
"429","Q485","我地係要打主堡同攻塔 唔係打小兵 班小兵阻頭阻勢 過街老鼠 唔好撚再理佢地","我地 係要 打主 堡 同 攻 塔 唔係 打 小兵 班 小兵 阻頭阻勢 過街老鼠 唔 好撚 再 理 佢地",1,17,9,0.529411764705882,1
"430","Q486","總之人地一日未查完，你試圖用取或搶，將件野由執法人員手上「拎」返係自己手中，已經係妨礙執法程序:30 AM 編輯 [/i]]","總之 人地 一日 未 查完 你 試圖 用 取 或 搶 將 件 野 由 執法 人員 手上 拎 返 係 自己 手中 已經 係 妨礙 執法 程序 編輯",0,15,4,0.266666666666667,0
"431","Q487","連基地防守都要入埋數...!咁三十億包唔包幾套愛國者同埋地點既地價?","連 基地 防守 都要 入 埋數 咁 三 十億 包唔包 幾 套 愛國者 同埋 地點 既 地價",0,17,4,0.235294117647059,0
"432","Q488","你唔識自己分析???狙擊槍 bolt action 槍機準定係自動槍機準，識唔識答~","你 唔識 自己 分析 狙擊 槍 槍 機 準 定係 自動 槍 機 準 識 唔識答",0,18,5,0.277777777777778,0
"433","Q489","乞食不成搏拉製造""政治打壓""假象下次班乞丐學到 一清場就嗌民主萬歲 明冇","乞食 不成 搏 拉 製造 政治 打壓 假象 下次 班 乞丐 學到 一 清場 就 嗌 民主 萬歲 明 冇",0,15,8,0.533333333333333,0
"434","Q49","場運動持續四個幾月 第五個月都嚟 你連我地嘅訴求都唔知就縮返入你老母個閪到唔好出嚟獻世啦","場 運動 持續 四 個 幾 月 第五 個月 都 嚟 你 連 我地 嘅 訴求 都 唔知 就 縮 返入 你 老母 個 閪 到 唔好 出嚟獻世 啦",1,17,9,0.529411764705882,1
"435","Q490","13個黃絲狗比豬，265個心支持英勇市民。支持果位英勇市民，加油","個 黃絲 狗 比 豬 個心 支持 英勇 市民 支持 果位 英勇 市民 加油",1,17,9,0.529411764705882,1
"436","Q491","在網上搵到關於呢個龍緯汶嘅新聞，大都係關於佢喺大紀元發表言論，3次去臺灣睇神韻洗腦劇。有一篇評論更加話佢係國民黨喺香港嘅代理人。","在 網上 搵到 關於 呢個 龍 緯 汶 嘅 新聞 大 都係 關於 佢喺 大紀元 發表 言論 次 去 臺灣 睇 神韻 洗腦 劇 有 一 篇 評論 更加 話 佢係 國民黨 喺 香港嘅 代理人",0,15,3,0.2,0
"437","Q492","唔戴口罩仲想打人，大家忍唔忍TVB偽人?[擠牙膏]便秘Jacky話報警，TVB團隊就post新片指證佢想打女人","唔 戴口罩 仲想 打人 大家 忍 唔 忍 偽人 擠 牙膏 便秘 話 報警 團隊 就 新片 指證 佢 想 打 女人",0,16,7,0.4375,0
"438","Q493","我自己可能偏見....但我中學真係見過條煩膠，果陣日撚日有意無意話自己maths好勁，日日有意無意表示自己IQ高果陣個個都覺得佢煩到癲，自命不凡自此我會對呢類人有少少反感.....","我 自己 可能 偏見 但 我 中學 真係 見過 條 煩膠 果陣 日 撚 日 有意無意 話 自己 好勁 日日 有意無意 表示 自己 高 果陣 個個 都 覺得 佢 煩 到 癲 自命不凡 自此 我 會對 呢類人 有少少 反感",1,16,9,0.5625,1
"439","Q494","食宏隆，40蚊有超大隻雞脾+飯/意粉/薯條仲包埋可樂/朱古力/奶茶/咖啡","食 宏 隆 蚊 有 超 大隻 雞脾 飯 意粉 薯條 仲 包埋 可樂 朱古力 奶茶 咖啡",0,16,1,0.0625,0
"440","Q495","「小學雞」，無所謂啦！   言論自由嘛！;P;P國際舞台，政治智慧，領導人如何拆局？ 是一門藝術...我不想在這裡跟你無聊地互相取笑！  (雖然我知道這版很多人喜歡9up ;P )","小學雞 無所謂 啦 言論自由 嘛 國際 舞台 政治 智慧 領導人 如何 拆局 是 一 門 藝術 我 不 想在 這裡 跟你 無聊 地 互相 取笑 雖然 我 知道 這 版 很多人 喜歡",1,15,4,0.266666666666667,0
"441","Q496","呢個女人好無能搞到D黑衣暴徒得寸進尺全無計劃收拾殘局害死一般市民","呢個 女人 好無能 搞到 黑衣 暴徒 得寸進尺 全無 計劃 收拾殘局 害死 一般 市民",1,17,9,0.529411764705882,1
"442","Q497","單眼女的瞄準技術又可以更進一步了！一定利害過神槍手單眼英！有六成曱甴撐佢冇咗隻眼！但可得翻五百萬安家費！","單 眼 女 的 瞄準 技術 又 可以 更進一步 了 一定 利害 過 神槍手 單 眼 英 有 六成 曱甴 撐佢 冇咗 隻 眼 但 可得 翻 五 百萬 安家費",1,16,9,0.5625,1
"443","Q498","Sir乜鳩 黑衫都唔撚敢著抗乜野爭，出去非法集結添，係咪又唔好出","乜鳩 黑衫 都 唔撚 敢 著 抗 乜野 爭 出去 非法 集結 添 係咪 又 唔 好出",1,15,8,0.533333333333333,1
"444","Q499","相信大部份反骨畜牲暴徒狗係唔駛做嘢，食父母食政府食國家，唯一辨法同心去信中央出軍射殺畜牲暴徒抄家充公財產及所謂支持者","相信 大部份 反骨 畜牲 暴徒 狗 係 唔駛 做嘢 食 父母 食 政府 食 國家 唯一 辨法 同心 去信 中央 出 軍 射殺 畜牲 暴徒 抄家 充公 財產 及 所謂 支持者",1,16,13,0.8125,1
"445","Q5","支持啦，我屋企有人長期病患都支持醫護罷工本身公立醫院都壓力大，宜家仲要放d生化武器過嚟，真係on99","支持 啦 我 屋企 有人 長期 病患 都 支持 醫護 罷工 本身 公立 醫院 都 壓力大 宜家 仲要 放 生化武器 過嚟 真係",1,17,7,0.411764705882353,1
"446","Q50","依家咪就係屌9你地點解唔跟指引囉有指引你唔撚跟 咁仲提咩9指引呀","依家 咪 就係 屌 你地 點解 唔跟 指引 囉 有 指引 你 唔撚 跟 咁 仲提 咩 指引 呀",1,15,8,0.533333333333333,1
"447","Q500","講乜都冇用，只要去衛生署同初選網站揾兩張圖做個比較，就知道香港第三波疫情大爆發關唔關班仆街黃屍事啦。。。","講 乜都 冇用 只 要去 衛生署 同 初選 網站 揾 兩 張圖 做 個 比較 就知道 香港 第 三 波 疫情 大爆發 關唔關 班仆街 黃屍 事 啦",1,17,9,0.529411764705882,1
"448","Q51","你條低端獨畜係現實生活唔敢認係獨畜，無撚用，切左條撚算數啦，搵你娘親試下，一定滿足你老母臭西:lol;P","你 條 低端 獨 畜 係 現實 生活 唔敢 認係 獨 畜 無 撚 用 切左 條 撚 算數 啦 搵你 娘親 試下 一定 滿足 你老母臭 西",1,18,14,0.777777777777778,1
"449","Q52","幾任阿一～你地同部份黑警受制特9英呢個大種乞兒你地真係死梗...","幾 任 阿 一 你地 同 部份 黑警 受制 特 英 呢個 大 種 乞兒 你地 真係 死梗",1,16,10,0.625,1
"450","Q53","演講，擺明寸犯民。搞咁多野，有破壞，無建設。簡單基建要30年。 國內3 年，就可以","演講 擺 明寸 犯民 搞 咁多野 有 破壞 無建設 簡單 基建 要 年 國內 年 就 可以",1,15,6,0.4,1
"451","Q54","只因被毒媒成功妖魔化 又話割心肝脾肺腎 眼角膜等等!將某些單一事件包裝成恆常事件!唔通香港有幾單殺母 就話個個殺自已老母 妖獸都市咩:","只因 被 毒媒 成功 妖魔化 又話 割 心肝脾肺腎 眼角膜 等等 將 某些 單一 事件 包裝 成 恆常 事件 唔通 香港 有 幾 單殺 母 就話 個個 殺 自已 老母 妖獸 都市 咩",0,17,10,0.588235294117647,0
"452","Q55","如果冇我地香港支撐,大陸一早己經破產!今次香港人發威,共產黨好快就要跪低.任老係5毛,可悲.:","如果 冇 我地 香港 支撐 大陸 一早 己經 破產 今次 香港人 發威 共產黨 好快 就要 跪低 任 老 係 可悲",1,15,9,0.6,1
"453","Q56","兩屆特首只不過係演員,並無實權,職責只係協助上面演好早已安排嘅劇本,香港唔掂走去向中央乞食,情節基本無太大分別,老共玩呢d野係有一手,所以我覺得做佢兩個好慘,人在江湖身不由己!","兩 屆 特首 只不過 係 演員 並 無實權 職責 只係 協助 上面 演 好 早已 安排 嘅 劇本 香港 唔掂 走 去向 中央 乞食 情節 基本 無 太 大分別 老共 玩 呢d野 係 有一手 所以 我 覺得 做 佢 兩個 好慘 人在 江湖 身不由己",0,15,3,0.2,0
"454","Q57","樓主講得好, 但係得一句就係一哥做特首掂, 強政厲治, 打倒政棍, 通廢青櫃:","樓主 講得好 但係 得 一句 就係 一哥 做特首 掂 強 政 厲 治 打倒 政棍 通 廢青 櫃",1,14,7,0.5,1
"455","Q58","1500萬，如果學生會仆街用黎港獨，買軍火都夠，真係要徹底下班仆街大學生。","萬 如果 學生會 仆街 用黎 港獨 買 軍火 都 夠 真 係要 徹 底下 班仆街 大學生",1,14,9,0.642857142857143,1
"456","Q59","淨係呢頁黎到呢到已經有四條硬膠既淨係會諗到其他人客當時雙手都冇拎住野架喎:","淨 係呢 頁 黎到 呢到 已經 有 四 條 硬膠 既 淨 係會 諗到 其他 人客 當時 雙手 都冇 拎住 野 架喎",1,21,9,0.428571428571429,1
"457","Q6","香港都有咁情況啦，夠得賠唔撚夠，又或者無得賠，咪出黎鳩up嚕，你無睇咩？ 另外你估大陸真係無得去審呢d 野呀？ 問題你有無錢，香港你無錢咪又係無得打，睇少d 毒果啦 傻仔。","香港 都 有咁 情況 啦 夠 得 賠 唔撚夠 又 或者 無得 賠 咪 出黎 鳩up 嚕 你 無 睇咩 另外 你 估 大陸 真係 無得 去 審 呢 野 呀 問題 你 有 無錢 香港 你 無錢 咪 又係 無得 打 睇少 毒果 啦 傻仔",1,21,12,0.571428571428571,1
"458","Q60","香港真係可悲，鳩永髒，白痴瘋呢兩件咁撚騎呢都可以捧到上天。外人不知，會以為香港全境是一間超大型弱智兒童中心。","香港 真係 可悲 鳩 永 髒 白 痴瘋 呢 兩 件 咁撚 騎呢 都 可以 捧到 上天 外人 不知 會以 為香港 全 境 是 一間 超大型 弱智 兒童 中心",1,14,7,0.5,1
"459","Q61","689俾蝗滋瘋用巨形吊車居高臨下監視全屋 連老婆同女都唔放過,原來689權力遠遠未夠黃渣假髮狗官超然","俾 蝗 滋 瘋 用 巨 形 吊車 居高臨下 監視 全 屋 連 老婆 同 女 都 唔放過 原來 權力 遠遠 未夠 黃 渣 假髮 狗官 超然",1,19,9,0.473684210526316,1
"460","Q62","仲有兩項紀錄：智障及精神病人特別多，黃屍是也；另外，唔認列祖列宗，以踐踏詛咒及出賣自己國家為榮為快嘅漢奸畜牲，近年數量暴增，全球應該首屈一指。","仲有 兩 項 紀錄 智障 及 精神病人 特別多 黃屍 是 也 另外 唔認 列祖列宗 以 踐踏 詛咒 及 出賣 自己 國家 為榮 為 快 嘅 漢奸 畜牲 近年 數量 暴 增 全球 應該 首屈一指",1,13,8,0.615384615384615,1
"461","Q63","721個日西環夜晚有攻有守由金鐘行能到去西環入夜聽到西環嗌光復香港 時代革命然後再有手足入返元朗救人打到班鄉黑縮返入去呢個夢 個股士氣 我一世都唔會忘記","個日 西環 夜晚 有 攻 有 守 由 金鐘 行 能 到去 西環 入夜 聽到 西環 嗌 光復香港 時代革命 然後 再有 手足 入 返 元朗 救人 打到 班 鄉 黑 縮 返 入去 呢 個夢 個股 士氣 我 一世 都 唔會 忘記",1,18,5,0.277777777777778,1
"462","Q64","個post好多三毛撚樣喺度推緊，唔該大家幫手拉返落嚟請善用不推文功能冷對待場仗未打完，唔需要而家做檢討focus中大各地「請善用不推文功能」場仗未打完，唔需要而家做檢討，focus中大各區","個post 好多 三毛 撚 樣喺度 推 緊 唔該 大家 幫手 拉 返落嚟 請 善用 不 推文 功能 冷 對待 場 仗 未 打完 唔需要 而家 做 檢討 中大 各地 請 善用 不 推文 功能 場 仗 未 打完 唔需要 而家 做 檢討 中大 各區",1,18,8,0.444444444444444,1
"463","Q65","西九高鐵站繼續開黨鐵車廂又唔洗港豬噢大橋仲要唔洗錢武漢湖北d 飛機照飛連陳肇始都叫人唔洗戴口罩仆你個街叫我地香港兒女d 醫護用條命同你埋單你都痴撚線#一人一帖撐醫療界罷工#醫護的命也是命","西九 高鐵站 繼續 開 黨鐵 車廂 又 唔洗 港豬 噢 大橋 仲要 唔洗錢 武漢 湖北 飛機 照 飛 連 陳肇始 都 叫人 唔洗 戴口罩 仆 你 個 街 叫 我地 香港 兒女 醫護 用 條命 同你 埋單 你 都 痴撚線 一人 一帖 撐 醫療界 罷工 醫護 的 命 也是 命",1,12,4,0.333333333333333,1
"464","Q66","大淫帝國“科學家”研究證實，印度人由每日食兩餐改為每日食三餐，係極大的浪費，係對地球的破壞。","大 淫 帝國 科學家 研究 證實 印度人 由 每日 食兩餐 改為 每 日食 三餐 係 極大 的 浪費 係 對 地球 的 破壞",0,22,15,0.681818181818182,0
"465","Q67","ON9 「黃絲曱甴」果然係低b, 自作業自 hi 到自己人生 j 彩。","黃絲 曱甴 果然 係 低 自 作業 自 到 自己 人生 彩",1,18,9,0.5,1
"466","Q68","成龍跟梁派英一樣咁賤格唔明仲有d傻仔話佢地講得岩~撐CY,收皮啦:","成龍 跟 梁 派 英 一樣 咁 賤格 唔明 仲有 傻仔 話 佢地 講得岩 撐 收皮啦",1,12,6,0.5,1
"467","Q69","都唔知話佢天真定傻好，案底你估玩呀，真係坐完當無數？家人有案底都會影響其他家人投考公務員，係d傻hihi廢青以為好過引。","都 唔知 話 佢 天真 定 傻 好 案底 你 估 玩 呀 真係 坐完 當 無數 家人 有 案底 都會 影響 其他 家人 投考 公務員 係 傻 廢青 以為 好過引",1,12,5,0.416666666666667,1
"468","Q7","對方出咩人有公開，次次都係個幾條友。下下玩程序，浪費納稅人錢，黑警狗女k仔案仲未解釋到呀，斷正都撒控。","對方 出 咩人 有 公開 次次 都係 個 幾 條友 下下 玩 程序 浪費 納稅人 錢 黑警 狗女 仔 案 仲未 解釋 到 呀 斷正 都 撒 控",1,17,4,0.235294117647059,1
"469","Q70","認真，你再和理非，cctvb都會講撚到你係暴徒，不如痛痛快快做返次啦，開遮捉狗入人羣，全裸掟返佢地出去","認真 你 再 和 理非 都會 講 撚 到 你 係 暴徒 不如 痛痛快快 做 返次啦 開 遮 捉 狗 入 人羣 全裸 掟 返 佢地 出去",1,13,8,0.615384615384615,1
"470","Q71","修例風波：疑無禁學生奏《榮光》　九龍塘香島中學教師稱不獲續約感覺到秋後算帳時間到了，今日炒左件黃師，唔知幾時炒返幾件黑醫護呢？可能等疫情完後人手無甘緊張時...","修例 風波 疑 無 禁 學生 奏 榮光  九龍塘 香島中學 教師 稱 不獲 續約 感覺到 秋後算帳 時間 到了 今日 炒 左件 黃師 唔知 幾時 炒 返 幾 件 黑 醫護 呢 可能 等 疫情 完 後 人手 無 甘 緊張 時",1,20,7,0.35,1
"471","Q72","上次遊輪條友話，“林鄭一早封關既話，我就唔會出去囉！”條友一定係日日要阿媽叫，先知醒去返工，遲到怪阿媽冇叫佢！","上次 遊輪 條友 話 林鄭 一早 封關 既話 我 就 唔會 出去 囉 條友 一 定係 日日 要 阿媽 叫 先 知醒 去 返工 遲到 怪 阿媽 冇叫佢",0,14,4,0.285714285714286,0
"472","Q73","【3.26特首決戰】【本報訊】參選特首的林鄭月娥日前在訪問中稱丈夫林兆波和兒子都無意放棄英...","特首 決戰 本報訊 參選 特首的 林鄭月娥 日前 在 訪問中 稱 丈夫 林兆波 和 兒子 都 無意 放棄 英",0,17,1,0.0588235294117647,0
"473","Q74","呢方面係悲觀的.市民無理由陪佢地發癲,鬥大聲.唯有cy用一些手段,抑制一下:","呢方面 係 悲觀 的 市民 無理由 陪佢地 發癲 鬥 大聲 唯有 用 一些 手段 抑制 一下",0,17,5,0.294117647058824,0
"474","Q75","用盡晒咪福街囉只不過唔用既話，早o的福之嘛原來老曾個一百憶係咁意思，小財唔出，大財唔入要睇","用盡 晒 咪 福街 囉 只不過 唔用 既話 早 的 福 之嘛 原來 老曾 個 一百 憶 係 咁意思 小財 唔出 大 財 唔入 要 睇",1,18,9,0.5,1
"475","Q76","14億人係飲農夫山泉架, 撚係飲寶礦力咩。 元秋議員我勸你少講無謂說話","人 係 飲 農夫 山 泉 架 撚係 飲 寶礦力 咩 元秋 議員 我 勸 你 少 講 無謂 說話",1,19,6,0.315789473684211,1
"476","Q77","班暴徒識驚，已經揾咗消防員救熄咗D火，現在又怕被拉，扯住亞中大段校長，叫佢同警方講數，正一冇膽匪類;P:lol:","班 暴徒 識驚 已經 揾 咗 消防員 救 熄咗 火 現在 又怕 被拉 扯住 亞 中大 段 校長 叫佢 同 警方 講數 正一 冇膽匪類",1,17,11,0.647058823529412,1
"477","Q78","好似套「黑社會」入面嘅 Jimmy 仔，你估你話想唔玩就唔玩呀？","好似 套 黑社會 入面 嘅 仔 你 估 你 話 想 唔玩 就 唔玩 呀",0,18,6,0.333333333333333,0
"478","Q79","都係睇中國到時點姐萬一到時中國肯做美國隻狗聽曬話你估仲有冇人記得乜撚野法案美國做野都係睇利益真心覺得多謝既都無妨既但覺得人地出發點就係為左幫香港/叫埋人做老豆同契爺就好撚好笑","都係 睇 中國 到時 點 姐 萬一 到時 中國 肯做 美國 隻 狗 聽 曬 話 你 估 仲 有冇人 記得 乜撚野 法案 美國 做野 都係 睇 利益 真心 覺得 多謝 既 都 無妨 既 但 覺得 人地 出發點 就係 為左 幫 香港 叫埋 人 做 老豆 同 契爺 就 好撚 好笑",1,16,9,0.5625,1
"479","Q8","如果全民派錢， 一定會派埋比啲曱甴， 既然係咁， 不如大家都唔好派。","如果 全民 派錢 一定 會 派埋 比 啲 曱甴 既然 係咁 不如 大家 都 唔好 派",1,15,9,0.6,1
"480","Q80","呢班廢青，錢又要攞，面又要比，第時佢地出黎做野，老細本來想加二百蚊，而家加三百蚊，又要老細道歉嗎？:","呢 班廢青 錢 又 要攞 面 又要 比 第時 佢地 出黎 做野 老細 本來 想 加 二百 蚊 而家 加 三百 蚊 又要 老細 道歉 嗎",1,15,5,0.333333333333333,1
"481","Q81","應該話一子錯滿盤皆落索....不過唔係有呢次佔領,大家都唔會領悟到唔立23條原來會有咁既後果....千古罪人留返俾戴妖....","應該 話 一子錯 滿盤皆落索 不過 唔 係有 呢次 佔領 大家 都 唔會 領悟 到 唔立 原來 會有 咁既 後果 千古罪人 留返 俾 戴妖",1,15,5,0.333333333333333,1
"482","Q82","真係想搞環保係要返返去殖民時代反殖民發展得太早，呢家d 生番國家不撚停生仔一個人既出生，都夠你搭N次飛機建議歐洲先除左膠，後再殖民非洲、亞洲，聯手KO俄佬咁先有望可以淨化地球","真係 想 搞 環保 係要 返返去 殖民 時代 反 殖民 發展得 太早 呢家 生番 國家 不 撚 停 生仔 一 個人 既 出生 都 夠你 搭 次 飛機 建議 歐洲 先 除 左膠 後 再殖民 非洲 亞洲 聯手 俄佬 咁 先 有望 可以 淨化 地球",1,16,9,0.5625,1
"483","Q83","與曱甴為伍，同為畜牲，無人性！希望有朝一日，黑記同曱甴互隊！:","與 曱甴 為伍 同為 畜牲 無 人性 希望 有朝一日 黑記 同 曱甴 互 隊",1,19,13,0.684210526315789,1
"484","Q84","傻既，呢個世界點會只有黃同藍。唔知幾時開始d人就變成非黃即藍，搞到好似台灣咁。呢個世界應該係多元同包容既，咁淺窄既視野點做到大事？咁唔通你個大老細支持黃絲咁你又小佢咩？","傻既 呢個 世界 點會 只有 黃 同 藍 唔知 幾時 開始 人 就 變成 非 黃 即 藍 搞到 好似 台灣 咁 呢個 世界 應該係 多元 同 包容 既 咁 淺窄 既 視野 點 做到 大事 咁唔通 你 個 大 老細 支持 黃絲 咁 你 又 小佢 咩",0,18,7,0.388888888888889,0
"485","Q85","梗係比原本個毒品賣家篤啦毒品大拆家話跟原本有122kg點解而家你話搜出120kg架你咁寫我會比大佬以為我落架死都唔撚簽120kg啦結果咪捉到有人私賣","梗係 比 原本 個 毒品 賣家 篤 啦 毒品 大 拆 家話 跟 原本 有 點解 而家 你 話 搜出 架 你 咁寫 我 會比 大佬 以為 我 落 架 死都唔 撚 簽 啦 結果 咪 捉到 有人 私 賣",1,17,7,0.411764705882353,1
"486","Q86","我真係好驚你地啲腦殘喪屍黃衛兵批鬥呀，蠢過隻豬比人點去做暴徒，仲學人講真理理想，入度赤柱坐埋同一個倉個陣慢慢講喇","我 真係 好驚 你地 啲 腦殘 喪屍 黃衛兵 批鬥 呀 蠢過 隻 豬 比人 點 去做 暴徒 仲 學人 講 真理 理想 入 度 赤柱 坐埋 同一個 倉 個陣 慢慢 講 喇",1,22,16,0.727272727272727,1
"487","Q87","呢個project邊個搞一d政治常識都冇一個政府寫首歌屌鳩自己既市民仲要用bot厄正評好cheap","呢個 邊個 搞 一 政治 常識 都冇 一個 政府 寫 首 歌 屌鳩 自己 既 市民 仲 要用 厄 正評 好",1,14,7,0.5,1
"488","Q88","古代去到中世 生仔一向都係好危險既事唔係個細既感染死就係個老母失血感染死生六個可能得兩個成人到十零歲幼幼就中出到生到條仔唔想生先停架啦羅馬天主教係一夫一妻制 更加要係咁屌西先得","古代 去到 中 世 生仔 一向 都係 好 危險 既事 唔 係個細 既 感染 死 就係 個 老母 失血 感染 死 生 六個 可能 得 兩個 成人 到 十 零 歲 幼幼 就 中 出到 生 到 條仔 唔想 生 先 停 架 啦 羅馬 天主教 係 一夫一妻 制 更加 要 係咁 屌西 先得",1,17,7,0.411764705882353,1
"489","Q89","你問我咁心態點同佢鬥我想講共匪同黑警咁廢點同美國/真正有謀略既人鬥收工啦 唔on9唔做 係廢又唔認","你 問 我 咁 心態 點 同佢 鬥 我 想講 共匪 同 黑警 咁廢 點同 美國 真正 有 謀略 既 人 鬥 收工 啦 唔 唔做 係 廢 又 唔認",1,21,14,0.666666666666667,1
"490","Q9","見到張相片, 就知道班暴民學棍是多麼的兇殘冇血性, 根本就是想用竹枝來傷害執法及醫護人員啊... 真係好賤格歹毒啊... 呢班暴民學棍, 同殘暴野獸冇分別... :","見到 張 相片 就知道 班 暴民 學棍 是 多麼 的 兇殘 冇 血性 根本 就是 想用 竹枝 來 傷害 執法 及 醫護人員 啊 真係 好 賤格 歹毒 啊 呢班 暴民 學棍 同 殘暴 野獸 冇分別",1,14,8,0.571428571428571,1
"491","Q90","blackmail blacklist 呢啲字死撚硬啦遲早要改","呢啲 字 死撚 硬 啦 遲早 要 改",1,16,6,0.375,1
"492","Q91","無事嘅，佢啲打手已出動，但無恥到話自己已投共，dklm,  為筍工去到幾盡都得！","無事 嘅 佢 啲 打手 已 出動 但 無恥 到 話 自己 已 投共 為 筍工 去到 幾盡 都得",1,22,12,0.545454545454545,1
"493","Q92","其實係咪吹夠四十萬, 一百萬, 李最淫同犯民就夠膽跨過羅湖橋上大陸推翻中共呢?:","其實 係咪 吹 夠 四 十萬 一 百萬 李 最淫 同 犯民 就 夠膽 跨過 羅湖橋 上大陸 推翻 中共 呢",1,10,5,0.5,1
"494","Q93","曱甴攬炒成功啦！其實有冇肺炎，佢哋最終都係想搞到香港咁，6成市民支持㗎嘛，香港仆街係遲早問題唧！全部出嚟抗爭唔好返工了！:","曱甴 攬炒 成功 啦 其實 有冇 肺炎 佢哋 最終 都係 想 搞到 香港 咁 成 市民 支持 <U+35CE> 嘛 香港 仆街 係 遲早 問題 唧 全部 出嚟 抗爭 唔好 返工 了",1,13,6,0.461538461538462,1
"495","Q94","right ？一早睇呢條垃圾唔順眼人地759 boss rip咗一陣即刻講撚埋弱智風涼話裝修到條友破產啦","一早 睇 呢條 垃圾 唔順眼 人地 咗 一陣 即刻 講 撚 埋 弱智 風涼話 裝修 到 條友 破產 啦",1,11,7,0.636363636363636,1
"496","Q95","其實與其咁樣鳩嗌 不如同對面樓傾下計好過好似無咁悶 當識多個朋友","其實 與其 咁樣 鳩嗌 不 如同 對面 樓 傾下計 好過 好似 無 咁悶 當 識 多個 朋友",1,19,7,0.368421052631579,1
"497","Q96","啲香港黑警做嘜都唔使負責,蒙臉,無委任証,無黑警編號,去打劫又得,扮人又得,無法無天","啲 香港 黑警 做 嘜 都 唔使 負責 蒙 臉 無 委任 証 無 黑警 編號 去 打劫 又得 扮人 又得 無法無天",1,14,5,0.357142857142857,1
"498","Q97","700年前明朝鄭和七下西洋，最遠到達非洲東岸，所經地方不侵佔一寸土地，不掠奪資源，不販賣奴隸，美國真的不知道呢段歷史？","年前 明朝 鄭 和 七 下 西洋 最 遠 到達 非洲 東岸 所 經 地方 不 侵佔 一 寸 土地 不 掠奪 資源 不 販賣 奴隸 美國 真的 不知道 呢段 歷史",0,20,7,0.35,0
"499","Q98","花咁大時間精神去救是不是什麼大人物親戚平時無錢就比醫院趕出門口","花 咁大 時間 精神 去 救 是 不是 什麼 大人物 親戚 平時 無錢 就 比 醫院 趕 出門口",0,15,8,0.533333333333333,0
"500","Q99","雖然話唔好亂鬧但各位手足都要搵方法發洩情緒唔好谷壞自己例如屌爆黑警唔使留力FUCK YOU POPO","雖然 話 唔好亂 鬧 但 各位 手足 都要 搵方法 發洩 情緒 唔好 谷 壞 自己 例如 屌 爆 黑警 唔使 留力",1,15,9,0.6,1
